unix,lat,lon,sp.ms,max_depth.m
1340769064,56.09383771,-6.231608176,0.02995317,7.0056138
1340769154,56.09386189,-6.231605889,0.035132084,7.0056138
1340769244,56.09388376,-6.231573412,1.271111867,7.0056138
1340769334,56.09460209,-6.232890887,3.144114568,7.0056138
1340769424,56.0962961,-6.236288523,0.356737401,-0.1325662
1340769514,56.09611032,-6.236684028,0.523634268,-0.1325662
1340769604,56.09616611,-6.23743637,0.138135045,-0.1325662
1340769694,56.096184,-6.237634,0.534192489,43.7162538
1340769784,56.09608838,-6.238389048,0.895211823,43.7162538
1340769874,56.09596389,-6.23966724,0.57217906,53.9136538
1340769964,56.09597457,-6.240496339,0.551992731,53.9136538
1340770054,56.09601997,-6.241292252,0.727406639,50.8544338
1340770144,56.09593419,-6.242335286,0.816610881,51.8741738
1340770234,56.09611574,-6.243473257,0.614775107,-0.1325662
1340770324,56.0961805,-6.244356724,0.599036257,8.0253538
1340770414,56.09624479,-6.245217294,0.849339693,8.0253538
1340770504,56.09654803,-6.2463218,0.853488084,9.0450938
1340770594,56.09691821,-6.2473658,0.066382162,8.0253538
1340770684,56.096947,-6.247447,0,8.0253538
1340770774,56.096947,-6.247447,1.235677986,10.0648338
1340770864,56.09740826,-6.249035718,2.379953124,12.1043138
1340770954,56.09827659,-6.252114165,0.631008229,28.4201538
1340771044,56.098412,-6.252996,0.40489551,28.4201538
1340771134,56.09845864,-6.253576909,0.531109745,8.0253538
1340771224,56.09855767,-6.254326,0.534741867,8.0253538
1340771314,56.09863023,-6.255090115,0.591771238,8.0253538
1340771404,56.09869464,-6.255940083,0.624582008,7.0056138
1340771494,56.098778,-6.256833,0,7.0056138
1340771584,56.098778,-6.256833,0,8.0253538
1340771674,56.098778,-6.256833,0,10.0648338
1340771764,56.098778,-6.256833,1.338231081,13.1240538
1340771854,56.09906795,-6.258701836,2.770241088,16.1832738
1340771944,56.09966436,-6.262572404,0.642928646,8.0253538
1340772034,56.09978656,-6.263478239,0.684056826,8.0253538
1340772124,56.09971328,-6.262495407,0.179534471,7.0056138
1340772214,56.09964403,-6.262724117,0.471220376,7.0056138
1340772304,56.09962977,-6.263406694,0.54786895,7.0056138
1340772394,56.09961511,-6.264200418,0.603310395,7.0056138
1340772484,56.09951506,-6.265056349,0.704734877,5.9858738
1340772574,56.09957204,-6.266072771,0.576601678,7.0056138
1340772664,56.09964521,-6.266898219,0.161474494,5.9858738
1340772754,56.099667,-6.267129,0.568080706,-0.1325662
1340772844,56.09996108,-6.267761518,0.956032482,4.9661338
1340772934,56.100456,-6.268826,0,16.1832738
1340773024,56.100456,-6.268826,0,13.1240538
1340773114,56.100456,-6.268826,0,16.1832738
1340773204,56.100456,-6.268826,0,5.9858738
1340773294,56.100456,-6.268826,0.10839164,14.1437938
1340773384,56.10047032,-6.268981011,0.975522992,14.1437938
1340773474,56.10059917,-6.270376108,0.975519815,-0.1325662
1340773564,56.10072802,-6.271771206,0.975516637,-0.1325662
1340773654,56.10085687,-6.273166304,0.975513459,-0.1325662
1340773744,56.10098572,-6.274561401,0.975510282,-0.1325662
1340773834,56.10111457,-6.275956499,0.684889279,-0.1325662
1340773924,56.10107093,-6.276946225,0.681951809,-0.1325662
1340774014,56.10102535,-6.277931397,0.681952611,-0.1325662
1340774104,56.10097977,-6.278916569,0.681953412,-0.1325662
1340774194,56.10093419,-6.27990174,0.681954214,-0.1325662
1340774284,56.10088861,-6.280886912,0.945581434,-0.1325662
1340774374,56.10143645,-6.281842943,0.641804152,-0.1325662
1340774464,56.10148551,-6.282769143,0.693041374,-0.1325662
1340774554,56.10162921,-6.283740189,0.830660678,-0.1325662
1340774644,56.10200697,-6.284735771,0.693859876,-0.1325662
1340774734,56.10179313,-6.285665667,1.25441429,-0.1325662
1340774824,56.10255513,-6.286865667,0.814030291,-0.1325662
1340774914,56.10275445,-6.287990314,0.773262171,-0.1325662
1340775004,56.10299261,-6.289026755,0.74570762,-0.1325662
1340775094,56.1031559,-6.290067381,0.743358499,-0.1325662
1340775184,56.10331626,-6.291105943,0.773109156,-0.1325662
1340775274,56.10355192,-6.292144,0.814361572,-0.1325662
1340775364,56.10379862,-6.293238571,0.758318021,-0.1325662
1340775454,56.10401119,-6.294269714,0.75946499,-0.1325662
1340775544,56.104312,-6.295229545,0.6058441,-0.1325662
1340775634,56.10456163,-6.295985234,0.538342531,0.8871738
1340775724,56.10474064,-6.296696619,0.546377069,15.1635338
1340775814,56.10486629,-6.297456,0.533665875,14.1437938
1340775904,56.104958,-6.298212,0,1.9069138
1340775994,56.104958,-6.298212,0,10.0648338
1340776084,56.104958,-6.298212,1.671617691,10.0648338
1340776174,56.10554374,-6.300396,1.735888813,15.1635338
1340776264,56.106152,-6.302664,0,14.1437938
1340776354,56.106152,-6.302664,0,2.9266538
1340776444,56.106152,-6.302664,2.408645522,16.1832738
1340776534,56.10658798,-6.306067406,0.999401955,12.1043138
1340776624,56.10683494,-6.307447009,0.493943348,9.0450938
1340776714,56.10697172,-6.308119825,0.490262173,-0.1325662
1340776804,56.10709114,-6.308797592,0.569018258,-0.1325662
1340776894,56.10725442,-6.309568856,0.627150332,7.0056138
1340776984,56.107471,-6.310391,0.632316676,9.0450938
1340777074,56.10767869,-6.311228692,0.683520341,8.0253538
1340777164,56.10786413,-6.312162231,0.802423285,8.0253538
1340777254,56.10815643,-6.313200857,0.939015084,9.0450938
1340777344,56.10861941,-6.314279841,0.590672296,8.0253538
1340777434,56.108936,-6.314921,0,8.0253538
1340777524,56.108936,-6.314921,0,7.0056138
1340777614,56.108936,-6.314921,0,10.0648338
1340777704,56.108936,-6.314921,1.394951716,14.1437938
1340777794,56.10925443,-6.316861248,1.097659457,10.0648338
1340777884,56.109505,-6.318388,0.284438661,8.0253538
1340777974,56.10961077,-6.318754197,1.279966346,8.0253538
1340778064,56.11008676,-6.320402085,1.00681523,13.1240538
1340778154,56.11037488,-6.321767405,0.605327746,14.1437938
1340778244,56.110504,-6.322614,0.083427135,14.1437938
1340778334,56.11051492,-6.322733369,1.501684496,13.1240538
1340778424,56.11071152,-6.32488201,0.133482705,16.1832738
1340778514,56.110729,-6.325073,0,10.0648338
1340778604,56.110729,-6.325073,1.043017017,16.1832738
1340778694,56.111052,-6.32647,2.206848164,11.0845738
1340778784,56.11171887,-6.329437982,0.789000273,17.2030138
1340778874,56.11185305,-6.330556436,0.052599925,19.2424938
1340778964,56.111862,-6.330631,0,12.1043138
1340779054,56.111862,-6.330631,0.812366699,12.1043138
1340779144,56.11227943,-6.331540429,1.827805868,21.2819738
1340779234,56.11321864,-6.333586643,0.987697085,13.1240538
1340779324,56.1135805,-6.334863375,0.680658717,18.2227538
1340779414,56.11385817,-6.335715519,0.446442496,-0.1325662
1340779504,56.11411766,-6.336165509,0.422434371,-0.1325662
1340779594,56.11436623,-6.3365856,0.517205238,-0.1325662
1340779684,56.11460794,-6.3371976,0.608334641,-0.1325662
1340779774,56.11499217,-6.337748286,0.542197792,-0.1325662
1340779864,56.11532467,-6.338260667,0.508810566,-0.1325662
1340779954,56.1156215,-6.3387715,0.787074503,-0.1325662
1340780044,56.11608002,-6.339562925,0.899316946,-0.1325662
1340780134,56.11655351,-6.340552642,0.488563415,-0.1325662
1340780224,56.11618666,-6.340815302,0.679531796,-0.1325662
1340780314,56.11649402,-6.341632094,0.559871764,-0.1325662
1340780404,56.11668142,-6.342371158,0.580477971,-0.1325662
1340780494,56.11683263,-6.343168071,0.596047957,-0.1325662
1340780584,56.11698282,-6.343989402,0.579363669,-0.1325662
1340780674,56.11715336,-6.344771932,0.623107407,-0.1325662
1340780764,56.11731886,-6.345625407,0.551780022,-0.1325662
1340780854,56.11744769,-6.346391513,0.548091675,-0.1325662
1340780944,56.11757232,-6.347154282,0.470442046,-0.1325662
1340781034,56.117683,-6.347807,0,-0.1325662
1340781124,56.117683,-6.347807,0,4.9661338
1340781214,56.117683,-6.347807,0,27.4004138
1340781304,56.117683,-6.347807,0,15.1635338
1340781394,56.117683,-6.347807,0,16.1832738
1340781484,56.117683,-6.347807,0,4.9661338
1340781574,56.117683,-6.347807,0,9.0450938
1340781664,56.117683,-6.347807,0,7.0056138
1340781754,56.117683,-6.347807,0,7.0056138
1340781844,56.117683,-6.347807,0,8.0253538
1340781934,56.117683,-6.347807,0,7.0056138
1340782024,56.117683,-6.347807,0,4.9661338
1340782114,56.117683,-6.347807,0,9.0450938
1340782204,56.117683,-6.347807,0,13.1240538
1340782294,56.117683,-6.347807,0,7.0056138
1340782384,56.117683,-6.347807,0,10.0648338
1340782474,56.117683,-6.347807,0,10.0648338
1340782564,56.117683,-6.347807,0,11.0845738
1340782654,56.117683,-6.347807,0,9.0450938
1340782744,56.117683,-6.347807,0,13.1240538
1340782834,56.117683,-6.347807,0,13.1240538
1340782924,56.117683,-6.347807,1.955983324,14.1437938
1340783014,56.118611,-6.350103865,3.667385362,17.2030138
1340783104,56.120351,-6.354410486,3.438889469,10.0648338
1340783194,56.12199198,-6.358436696,0.322595394,-0.1325662
1340783284,56.12224671,-6.358537143,0.420633179,-0.1325662
1340783374,56.12256884,-6.358732732,0.3627746,-0.1325662
1340783464,56.12284379,-6.358915929,0.409038148,-0.1325662
1340783554,56.12311861,-6.359245929,0.583419161,-0.1325662
1340783644,56.12345532,-6.359838531,0.162524385,-0.1325662
1340783734,56.1235039,-6.359619504,0.204886916,-0.1325662
1340783824,56.12363346,-6.359804681,0.267021913,-0.1325662
1340783914,56.1237585,-6.360120398,0.2980741,-0.1325662
1340784004,56.12387021,-6.360503487,0.343737733,-0.1325662
1340784094,56.1239883,-6.360954814,0.389463777,-0.1325662
1340784184,56.12414281,-6.361447027,0.51236514,-0.1325662
1340784274,56.12450178,-6.361817912,0.606776528,-0.1325662
1340784364,56.12491825,-6.362283044,0.678674137,-0.1325662
1340784454,56.12541487,-6.362701621,0.845723014,-0.1325662
1340784544,56.12609841,-6.362732655,0.582689242,-0.1325662
1340784634,56.12652914,-6.363074947,0.577032627,-0.1325662
1340784724,56.12692625,-6.363514246,0.43894497,-0.1325662
1340784814,56.12721631,-6.363881091,0.225349715,-0.1325662
1340784904,56.12735438,-6.364094358,0.207768961,3.9463938
1340784994,56.12718682,-6.364115577,0.053096513,10.0648338
1340785084,56.127144,-6.364121,0.118520405,7.0056138
1340785174,56.12723953,-6.364107542,0.280706215,8.0253538
1340785264,56.12746578,-6.364075667,0.049903326,5.9858738
1340785354,56.127506,-6.36407,0,7.0056138
1340785444,56.127506,-6.36407,0.135691479,9.0450938
1340785534,56.1276053,-6.363986322,1.356911305,9.0450938
1340785624,56.12859827,-6.363149545,0.331688467,9.0450938
1340785714,56.128841,-6.362945,0.262806468,9.0450938
1340785804,56.12904778,-6.363032685,0.606476179,8.0253538
1340785894,56.12952496,-6.363235034,0.344696903,9.0450938
1340785984,56.12979814,-6.36313619,0.252202557,9.0450938
1340786074,56.129982,-6.362978,0,8.0253538
1340786164,56.129982,-6.362978,0,9.0450938
1340786254,56.129982,-6.362978,0.459285142,8.0253538
1340786344,56.13033102,-6.362750542,0.939445368,9.0450938
1340786434,56.13104492,-6.362285288,0.692361392,11.0845738
1340786524,56.13154342,-6.36182841,0.484658021,9.0450938
1340786614,56.13184486,-6.361379197,0.48465647,10.0648338
1340786704,56.1321463,-6.360929983,0.010770126,13.1240538
1340786794,56.132153,-6.36092,0,10.0648338
1340786884,56.132153,-6.36092,0,11.0845738
1340786974,56.132153,-6.36092,0,9.0450938
1340787064,56.132153,-6.36092,0,7.0056138
1340787154,56.132153,-6.36092,1.031200745,7.0056138
1340787244,56.13295871,-6.360535571,1.483137045,7.0056138
1340787334,56.13411813,-6.359986646,0.375622482,8.0253538
1340787424,56.13441354,-6.359860274,0.403117977,2.9266538
1340787514,56.13472973,-6.359718504,0.391721031,-0.1325662
1340787604,56.13504468,-6.359658743,0.354413033,-0.1325662
1340787694,56.13533039,-6.359619818,0.406816151,-0.1325662
1340787784,56.13565555,-6.359708727,0.399778666,-0.1325662
1340787874,56.13597867,-6.359722667,0.34743759,-0.1325662
1340787964,56.13620928,-6.359434854,0.389967085,-0.1325662
1340788054,56.13652344,-6.359387222,0.338438189,-0.1325662
1340788144,56.13679694,-6.359402172,0.342024542,-0.1325662
1340788234,56.13706421,-6.359274899,0.374148748,-0.1325662
1340788324,56.1373667,-6.359270869,0.320825989,-0.1325662
1340788414,56.13762581,-6.359249576,0.315555019,-0.1325662
1340788504,56.1378809,-6.35924265,0.317265392,-0.1325662
1340788594,56.13813737,-6.359235451,0.294750418,-0.1325662
1340788684,56.13837488,-6.359270297,0.228886742,-0.1325662
1340788774,56.13855829,-6.359314392,0.201762078,-0.1325662
1340788864,56.1387208,-6.3593398,0.417552472,10.0648338
1340788954,56.13903715,-6.359551283,0.505499427,7.0056138
1340789044,56.13944378,-6.359624869,0.531922146,9.0450938
1340789134,56.13987378,-6.359613051,0.641664608,7.0056138
1340789224,56.14038981,-6.359517385,0.159521016,8.0253538
1340789314,56.140518,-6.359492,0.829374043,10.0648338
1340789404,56.1410475,-6.3587536,1.176639261,10.0648338
1340789494,56.14183764,-6.357802773,0.588775037,9.0450938
1340789584,56.1422986,-6.3575896,0.463314134,8.0253538
1340789674,56.14263365,-6.35728898,0.410972808,8.0253538
1340789764,56.14292786,-6.357011816,0.403112959,5.9858738
1340789854,56.14323643,-6.356823551,0.427122936,7.0056138
1340789944,56.1435614,-6.356613891,0.27379246,10.0648338
1340790034,56.14373469,-6.35636668,0.275226871,9.0450938
1340790124,56.143814,-6.3559935,0.209648817,5.9858738
1340790214,56.143852,-6.355697,0,5.9858738
1340790304,56.143852,-6.355697,0,8.0253538
1340790394,56.143852,-6.355697,0,10.0648338
1340790484,56.143852,-6.355697,0,11.0845738
1340790574,56.143852,-6.355697,0,11.0845738
1340790664,56.143852,-6.355697,0,10.0648338
1340790754,56.143852,-6.355697,0.275832808,12.1043138
1340790844,56.14394585,-6.355333885,0.856029325,11.0845738
1340790934,56.14423713,-6.354206976,0.437524038,11.0845738
1340791024,56.144386,-6.353631,0,11.0845738
1340791114,56.144386,-6.353631,0,13.1240538
1340791204,56.144386,-6.353631,0,13.1240538
1340791294,56.144386,-6.353631,0,11.0845738
1340791384,56.144386,-6.353631,0,11.0845738
1340791474,56.144386,-6.353631,0,10.0648338
1340791564,56.144386,-6.353631,0,10.0648338
1340791654,56.144386,-6.353631,0,10.0648338
1340791744,56.144386,-6.353631,0,9.0450938
1340791834,56.144386,-6.353631,0,8.0253538
1340791924,56.144386,-6.353631,0,8.0253538
1340792014,56.144386,-6.353631,0,7.0056138
1340792104,56.144386,-6.353631,0,9.0450938
1340792194,56.144386,-6.353631,0,7.0056138
1340792284,56.144386,-6.353631,0,11.0845738
1340792374,56.144386,-6.353631,0,10.0648338
1340792464,56.144386,-6.353631,0,10.0648338
1340792554,56.144386,-6.353631,0,10.0648338
1340792644,56.144386,-6.353631,0,10.0648338
1340792734,56.144386,-6.353631,0,10.0648338
1340792824,56.144386,-6.353631,0,11.0845738
1340792914,56.144386,-6.353631,0,11.0845738
1340793004,56.144386,-6.353631,0,12.1043138
1340793094,56.144386,-6.353631,0,11.0845738
1340793184,56.144386,-6.353631,0,11.0845738
1340793274,56.144386,-6.353631,0,10.0648338
1340793364,56.144386,-6.353631,0,10.0648338
1340793454,56.144386,-6.353631,0,7.0056138
1340793544,56.144386,-6.353631,0,9.0450938
1340793634,56.144386,-6.353631,0,9.0450938
1340793724,56.144386,-6.353631,0.718934841,10.0648338
1340793814,56.14488355,-6.353091636,2.695983502,4.9661338
1340793904,56.14674939,-6.351069021,2.695948528,8.0253538
1340793994,56.14861522,-6.349046406,2.396457094,7.0056138
1340794084,56.15027626,-6.34725581,0.250453772,-0.1325662
1340794174,56.15046654,-6.347131524,0.197137934,-0.1325662
1340794264,56.15061971,-6.347052404,0.187929097,-0.1325662
1340794354,56.15077158,-6.347044472,0.196909373,-0.1325662
1340794444,56.15092073,-6.346944533,0.170028391,-0.1325662
1340794534,56.15100256,-6.346746229,0.128259868,-0.1325662
1340794624,56.15106817,-6.346602066,0.276500924,-0.1325662
1340794714,56.15128685,-6.346685372,0.139790865,-0.1325662
1340794804,56.1513616,-6.346533178,0.116193562,-0.1325662
1340794894,56.1514461,-6.34645951,0.116548915,-0.1325662
1340794984,56.15153839,-6.346425394,0.109286853,-0.1325662
1340795074,56.15161567,-6.346502296,0.203559613,-0.1325662
1340795164,56.15167455,-6.346778212,0.167011277,-0.1325662
1340795254,56.15171491,-6.346546879,0.310140546,-0.1325662
1340795344,56.15193879,-6.3467496,0.014645866,-0.1325662
1340795434,56.15193249,-6.3467676,0.224463867,-0.1325662
1340795524,56.15176092,-6.346661439,0.236516136,-0.1325662
1340795614,56.15189742,-6.346901848,0.207061166,-0.1325662
1340795704,56.15199654,-6.34714406,0.219263781,-0.1325662
1340795794,56.15215972,-6.347268424,0.241776246,-0.1325662
1340795884,56.15233654,-6.34741802,0.155002396,-0.1325662
1340795974,56.152412,-6.34759765,0.037514626,-0.1325662
1340796064,56.15242418,-6.34764752,0.102823226,-0.1325662
1340796154,56.15248877,-6.34755356,0.197591801,-0.1325662
1340796244,56.152644,-6.347485818,0.096489062,-0.1325662
1340796334,56.152714,-6.347424,0.192478932,-0.1325662
1340796424,56.15286945,-6.347436727,0.136950481,-0.1325662
1340796514,56.15298005,-6.347427255,0.151522332,-0.1325662
1340796604,56.15310102,-6.347392556,0.060195322,-0.1325662
1340796694,56.15314941,-6.347401898,0.514710046,-0.1325662
1340796784,56.15296857,-6.346729,0.136084861,-0.1325662
1340796874,56.15307042,-6.346654303,0.537025659,-0.1325662
1340796964,56.15343161,-6.347086909,0.195849827,-0.1325662
1340797054,56.15358524,-6.347018121,0.086247929,-0.1325662
1340797144,56.15357683,-6.34689384,0.22924048,-0.1325662
1340797234,56.15362811,-6.34657407,0.344259832,-0.1325662
1340797324,56.15390507,-6.346524602,1.08963294,-0.1325662
1340797414,56.1547215,-6.347118786,0.655201434,-0.1325662
1340797504,56.15424993,-6.346685534,0.083597434,-0.1325662
1340797594,56.1541826,-6.346675,0.151717032,-0.1325662
1340797684,56.1543032,-6.3467152,0.293001289,-0.1325662
1340797774,56.15453166,-6.346827657,0.22652812,-0.1325662
1340797864,56.15467022,-6.34704268,0.149592633,-0.1325662
1340797954,56.15464189,-6.34725379,0.14030579,-0.1325662
1340798044,56.15460207,-6.3474445,0.22146895,-0.1325662
1340798134,56.15445609,-6.34763065,0.418484249,-0.1325662
1340798224,56.154789,-6.347739,0.268420056,-0.1325662
1340798314,56.15492809,-6.348038091,0.206662695,-0.1325662
1340798404,56.15508334,-6.348149,0.099497099,-0.1325662
1340798494,56.15515873,-6.348098615,0.083939943,-0.1325662
1340798584,56.15521589,-6.348164286,0.086550972,-0.1325662
1340798674,56.15523658,-6.348284308,0.13196575,-0.1325662
1340798764,56.15513172,-6.348319609,0.083477163,-0.1325662
1340798854,56.15515542,-6.348433067,0.033775081,-0.1325662
1340798944,56.155174,-6.348469,0,-0.1325662
1340799034,56.155174,-6.348469,0,9.0450938
1340799124,56.155174,-6.348469,1.267734149,10.0648338
1340799214,56.15531898,-6.346647208,2.238753111,8.0253538
1340799304,56.155575,-6.34343,0,8.0253538
1340799394,56.155575,-6.34343,0,7.0056138
1340799484,56.155575,-6.34343,0,9.0450938
1340799574,56.155575,-6.34343,0,10.0648338
1340799664,56.155575,-6.34343,0,14.1437938
1340799754,56.155575,-6.34343,0,8.0253538
1340799844,56.155575,-6.34343,2.68659472,12.1043138
1340799934,56.1553132,-6.33955844,3.40571006,19.2424938
1340800024,56.15502928,-6.334640933,0.133658579,20.2622338
1340800114,56.1551332,-6.334587745,0.138726574,-0.1325662
1340800204,56.15516411,-6.33439416,0.206541552,1.9069138
1340800294,56.15514044,-6.334097363,0.273469738,2.9266538
1340800384,56.155216,-6.333724286,0.356238285,-0.1325662
1340800474,56.15545842,-6.333445055,0.416948705,0.8871738
1340800564,56.15564328,-6.332938926,0.424475915,-0.1325662
1340800654,56.15597559,-6.332785052,0.347130486,-0.1325662
1340800744,56.15617668,-6.33243353,0.613165255,-0.1325662
1340800834,56.15648602,-6.331737967,0.632067974,0.8871738
1340800924,56.1566643,-6.33087805,0.65325289,10.0648338
1340801014,56.15676474,-6.329947032,0.641320639,12.1043138
1340801104,56.157276,-6.329792,0,8.0253538
1340801194,56.157276,-6.329792,0,12.1043138
1340801284,56.157276,-6.329792,0,5.9858738
1340801374,56.157276,-6.329792,0,9.0450938
1340801464,56.157276,-6.329792,0,5.9858738
1340801554,56.157276,-6.329792,0.911922118,0.8871738
1340801644,56.15774701,-6.328773521,1.78417631,8.0253538
1340801734,56.15866856,-6.326780845,0.497857381,9.0450938
1340801824,56.15889756,-6.32618644,0.406622057,12.1043138
1340801914,56.15907709,-6.325691911,0.406620723,13.1240538
1340802004,56.15925662,-6.325197382,0.40661939,4.9661338
1340802094,56.15943615,-6.324702853,0.269726799,5.9858738
1340802184,56.15950868,-6.324333561,0.217483051,2.9266538
1340802274,56.1595329,-6.324020827,0.217482916,5.9858738
1340802364,56.15955711,-6.323708094,0.217482782,3.9463938
1340802454,56.15958133,-6.32339536,0.217482647,4.9661338
1340802544,56.15960555,-6.323082626,0.217482513,5.9858738
1340802634,56.15962976,-6.322769892,0.217482378,4.9661338
1340802724,56.15965398,-6.322457158,0.217482244,5.9858738
1340802814,56.15967819,-6.322144424,0.007249406,3.9463938
1340802904,56.159679,-6.322134,0,7.0056138
1340802994,56.159679,-6.322134,0,8.0253538
1340803084,56.159679,-6.322134,0,7.0056138
1340803174,56.159679,-6.322134,0,7.0056138
1340803264,56.159679,-6.322134,0,4.9661338
1340803354,56.159679,-6.322134,0,4.9661338
1340803444,56.159679,-6.322134,0.072938318,5.9858738
1340803534,56.1596842,-6.32202852,1.312888056,4.9661338
1340803624,56.1597778,-6.32012988,0.585513452,4.9661338
1340803714,56.15979202,-6.319280208,0.201896901,7.0056138
1340803804,56.15980946,-6.318988769,0.247848096,-0.1325662
1340803894,56.1599886,-6.318827519,0.318285766,-0.1325662
1340803984,56.16024332,-6.318761943,0.682757176,-0.1325662
1340804074,56.159767,-6.318261,0.310058599,-0.1325662
1340804164,56.16000643,-6.318127698,0.196749994,-0.1325662
1340804254,56.16006521,-6.317862267,0.217099536,-0.1325662
1340804344,56.16014589,-6.317582346,0.207602229,-0.1325662
1340804434,56.16023017,-6.317321698,0.185530752,-0.1325662
1340804524,56.16024272,-6.317053283,0.244974871,-0.1325662
1340804614,56.1601908,-6.316710056,0.439844417,-0.1325662
1340804704,56.16039604,-6.316188561,0.273212598,-0.1325662
1340804794,56.160246,-6.315897449,0.799452221,-0.1325662
1340804884,56.16089007,-6.315994626,0.153028207,-0.1325662
1340804974,56.16092932,-6.315783928,0.672200928,-0.1325662
1340805064,56.16044689,-6.315334604,0.146809729,-0.1325662
1340805154,56.16050423,-6.315147981,0.33857071,-0.1325662
1340805244,56.16068592,-6.31478034,0.181484616,-0.1325662
1340805334,56.16072483,-6.314526283,0.212330312,-0.1325662
1340805424,56.16068445,-6.31422666,0.149493688,-0.1325662
1340805514,56.16067936,-6.314009811,0.138967149,-0.1325662
1340805604,56.16074711,-6.313848868,0.219567716,-0.1325662
1340805694,56.16086872,-6.313616636,0.322129919,-0.1325662
1340805784,56.1609876,-6.313200514,0.395724675,-0.1325662
1340805874,56.16078236,-6.312759766,1.075470707,-0.1325662
1340805964,56.16007414,-6.311853935,0.334064156,-0.1325662
1340806054,56.16029519,-6.311575255,0.425738418,-0.1325662
1340806144,56.16061,-6.311325333,0.351388805,-0.1325662
1340806234,56.16066594,-6.31082516,0.467197394,-0.1325662
1340806324,56.16096118,-6.310402065,0.537217597,-0.1325662
1340806414,56.16086445,-6.309641692,0.463191587,-0.1325662
1340806504,56.16106211,-6.309070514,0.408787212,-0.1325662
1340806594,56.16127517,-6.308616794,0.431024921,-0.1325662
1340806684,56.16132648,-6.307997822,0.438728491,-0.1325662
1340806774,56.16138478,-6.307369509,0.395083513,-0.1325662
1340806864,56.16161321,-6.30696857,0.380574945,-0.1325662
1340806954,56.161572,-6.306421,0.378399397,-0.1325662
1340807044,56.16154228,-6.305874208,0.354593005,-0.1325662
1340807134,56.161565,-6.305361,0.359929068,-0.1325662
1340807224,56.16158623,-6.304839818,0.372176678,-0.1325662
1340807314,56.16167245,-6.304322123,0.399885623,-0.1325662
1340807404,56.16181489,-6.303800915,0.483946876,-0.1325662
1340807494,56.16165276,-6.303161436,0.355202889,-0.1325662
1340807584,56.16172149,-6.302660709,0.374321002,-0.1325662
1340807674,56.16188796,-6.302206851,0.386164709,-0.1325662
1340807764,56.16194582,-6.301655891,0.465730348,-0.1325662
1340807854,56.16194794,-6.30097971,0.54185924,-0.1325662
1340807944,56.1621167,-6.300253698,0.542945947,-0.1325662
1340808034,56.16235698,-6.299593981,0.515875145,-0.1325662
1340808124,56.16260896,-6.298997127,0.148500711,-0.1325662
1340808214,56.162682,-6.298826,0,-0.1325662
1340808304,56.162682,-6.298826,0,-0.1325662
1340808394,56.162682,-6.298826,0,10.0648338
1340808484,56.162682,-6.298826,0,11.0845738
1340808574,56.162682,-6.298826,0,10.0648338
1340808664,56.162682,-6.298826,0,10.0648338
1340808754,56.162682,-6.298826,0.510509747,3.9463938
1340808844,56.16297171,-6.29829806,2.552519433,5.9858738
1340808934,56.16442026,-6.29565836,2.552470598,3.9463938
1340809024,56.16586881,-6.29301866,0.056721014,9.0450938
1340809114,56.165901,-6.29296,0,4.9661338
1340809204,56.165901,-6.29296,0.2630117,5.9858738
1340809294,56.16586205,-6.292584557,0.57734366,5.9858738
1340809384,56.16577655,-6.291760414,0.057734434,4.9661338
1340809474,56.165768,-6.291678,0,7.0056138
1340809564,56.165768,-6.291678,0,4.9661338
1340809654,56.165768,-6.291678,0,4.9661338
1340809744,56.165768,-6.291678,0,8.0253538
1340809834,56.165768,-6.291678,0,7.0056138
1340809924,56.165768,-6.291678,0,5.9858738
1340810014,56.165768,-6.291678,0,5.9858738
1340810104,56.165768,-6.291678,0,5.9858738
1340810194,56.165768,-6.291678,0,4.9661338
1340810284,56.165768,-6.291678,0,9.0450938
1340810374,56.165768,-6.291678,0.938605619,3.9463938
1340810464,56.16620164,-6.290559545,0.358693106,8.0253538
1340810554,56.166308,-6.290075,0.2794103,8.0253538
1340810644,56.16624115,-6.28968745,0.183625986,-0.1325662
1340810734,56.16619247,-6.289435561,0.093395272,-0.1325662
1340810824,56.16626092,-6.289492809,0.109071405,-0.1325662
1340810914,56.16634519,-6.289539445,0.171279411,-0.1325662
1340811004,56.16647809,-6.289609299,0.069152386,-0.1325662
1340811094,56.16644323,-6.289530794,0.085825957,-0.1325662
1340811184,56.16651104,-6.28955728,0.177248367,-0.1325662
1340811274,56.16665197,-6.289603865,0.136973119,-0.1325662
1340811364,56.16675025,-6.289512194,0.192712375,-0.1325662
1340811454,56.16687775,-6.289351361,0.257394993,-0.1325662
1340811544,56.16698531,-6.289031402,0.318123826,-0.1325662
1340811634,56.16707942,-6.288601491,0.441462814,-0.1325662
1340811724,56.16721814,-6.288010848,0.592676586,-0.1325662
1340811814,56.16733197,-6.287174861,0.828123497,-0.1325662
1340811904,56.16719444,-6.285997991,0.208989761,-0.1325662
1340811994,56.16729765,-6.285757716,0.305891332,-0.1325662
1340812084,56.16748593,-6.285469704,0.789214158,-0.1325662
1340812174,56.16710356,-6.284552259,1.137413399,-0.1325662
1340812264,56.16648811,-6.283325074,0.82215176,-0.1325662
1340812354,56.16610237,-6.282352852,0.280872566,-0.1325662
1340812444,56.16598267,-6.282006278,3.300688257,-0.1325662
1340812534,56.16844267,-6.283863778,0.355622106,-0.1325662
1340812624,56.16867306,-6.28355485,1.486513621,-0.1325662
1340812714,56.16984656,-6.284020778,0.842797977,-0.1325662
1340812804,56.17052781,-6.283996768,3.071083745,-0.1325662
1340812894,56.16847639,-6.281484316,1.183893362,-0.1325662
1340812984,56.16780097,-6.2802662,0.374645925,-0.1325662
1340813074,56.16790827,-6.279757455,0.400129842,-0.1325662
1340813164,56.16805744,-6.279241876,0.399458371,-0.1325662
1340813254,56.16825735,-6.278786301,0.50905835,-0.1325662
1340813344,56.16854328,-6.278254606,0.241406854,-0.1325662
1340813434,56.168682,-6.278008,0,-0.1325662
1340813524,56.168682,-6.278008,0,10.0648338
1340813614,56.168682,-6.278008,0,11.0845738
1340813704,56.168682,-6.278008,0,5.9858738
1340813794,56.168682,-6.278008,0,8.0253538
1340813884,56.168682,-6.278008,0,15.1635338
1340813974,56.168682,-6.278008,0,10.0648338
1340814064,56.168682,-6.278008,0,8.0253538
1340814154,56.168682,-6.278008,0,11.0845738
1340814244,56.168682,-6.278008,0,5.9858738
1340814334,56.168682,-6.278008,0,8.0253538
1340814424,56.168682,-6.278008,0,8.0253538
1340814514,56.168682,-6.278008,0,3.9463938
1340814604,56.168682,-6.278008,0,4.9661338
1340814694,56.168682,-6.278008,0.117421434,3.9463938
1340814784,56.16876978,-6.278072932,1.761316838,3.9463938
1340814874,56.17008649,-6.279046904,0.978505571,4.9661338
1340814964,56.170818,-6.279588,0,8.0253538
1340815054,56.170818,-6.279588,0,3.9463938
1340815144,56.170818,-6.279588,0.055548668,5.9858738
1340815234,56.17082481,-6.279667737,0.166645946,7.0056138
1340815324,56.17084524,-6.279906947,0.166645859,4.9661338
1340815414,56.17086566,-6.280146158,0.166645773,4.9661338
1340815504,56.17088609,-6.280385368,0.15344837,5.9858738
1340815594,56.17077425,-6.280481814,0.158502722,4.9661338
1340815684,56.17065626,-6.28057162,0.158502796,7.0056138
1340815774,56.17053827,-6.280661425,0.158502871,8.0253538
1340815864,56.17042028,-6.280751231,0.158502945,8.0253538
1340815954,56.17030229,-6.280841037,0.06244308,-0.1325662
1340816044,56.17027509,-6.280764644,0.121036999,-0.1325662
1340816134,56.17028568,-6.280589907,0.121116253,-0.1325662
1340816224,56.17028094,-6.280414226,0.104873948,-0.1325662
1340816314,56.17026424,-6.280264912,0.120019296,-0.1325662
1340816404,56.17028584,-6.280094992,0.104085483,3.9463938
1340816494,56.170202,-6.280082,0.111072712,8.0253538
1340816584,56.17011221,-6.280084991,0.047329732,-0.1325662
1340816674,56.17007436,-6.280074897,0.032211173,-0.1325662
1340816764,56.17005874,-6.280112318,0.033863836,-0.1325662
1340816854,56.17003192,-6.280122178,0.066185017,-0.1325662
1340816944,56.16997932,-6.280139841,0.054321841,2.9266538
1340817034,56.16993648,-6.280157206,0.027570855,3.9463938
1340817124,56.16994941,-6.280124593,0.088702148,4.9661338
1340817214,56.16997774,-6.280006259,0.088097935,8.0253538
1340817304,56.16997581,-6.27987837,0.099869854,4.9661338
1340817394,56.16998507,-6.279734296,0.069502147,3.9463938
1340817484,56.16994841,-6.279657815,0.11194404,2.9266538
1340817574,56.16985841,-6.279640667,0.132072835,-0.1325662
1340817664,56.16975163,-6.279641481,0.101789854,-0.1325662
1340817754,56.16968496,-6.279728148,0.136935877,-0.1325662
1340817844,56.16964856,-6.279915944,0.127873707,-0.1325662
1340817934,56.16970926,-6.280066259,0.333714782,-0.1325662
1340818024,56.1699375,-6.280324685,0.463801629,-0.1325662
1340818114,56.170259,-6.280671333,0.40804342,-0.1325662
1340818204,56.17054312,-6.280972477,0.311469994,-0.1325662
1340818294,56.17078174,-6.281116972,0.252114893,-0.1325662
1340818384,56.17098294,-6.281175688,0.28375524,-0.1325662
1340818474,56.17117095,-6.280939554,0.343227128,-0.1325662
1340818564,56.17141411,-6.280699407,0.431510511,-0.1325662
1340818654,56.17176028,-6.280621651,0.550133867,-0.1325662
1340818744,56.17220357,-6.280686991,0.492602336,-0.1325662
1340818834,56.1725966,-6.280802587,0.489605879,-0.1325662
1340818924,56.17298398,-6.280656429,0.433551644,-0.1325662
1340819014,56.173326,-6.280518593,0.411602935,-0.1325662
1340819104,56.17365686,-6.280454606,0.436568834,-0.1325662
1340819194,56.17400943,-6.280424807,0.445013517,-0.1325662
1340819284,56.174362,-6.280296,0.46499033,-0.1325662
1340819374,56.1747212,-6.280096714,0.158318205,-0.1325662
1340819464,56.17465726,-6.279897519,0.203925917,-0.1325662
1340819554,56.17465764,-6.279601342,0.311576287,-0.1325662
1340819644,56.17484602,-6.279300908,0.31285767,-0.1325662
1340819734,56.1750867,-6.27916118,0.259947735,-0.1325662
1340819824,56.17529103,-6.279072802,0.367386371,-0.1325662
1340819914,56.1755846,-6.279153927,0.330530737,-0.1325662
1340820004,56.17584635,-6.279250639,0.301792987,-0.1325662
1340820094,56.17608485,-6.279343139,0.441154083,0.8871738
1340820184,56.17640451,-6.279627338,0.520630801,17.2030138
1340820274,56.17676682,-6.280012262,0.288615713,12.1043138
1340820364,56.17699257,-6.280118295,0.163871504,1.9069138
1340820454,56.17707557,-6.279932762,0.163871289,3.9463938
1340820544,56.17715856,-6.27974723,0.036415813,4.9661338
1340820634,56.177177,-6.279706,0,5.9858738
1340820724,56.177177,-6.279706,0,4.9661338
1340820814,56.177177,-6.279706,0,7.0056138
1340820904,56.177177,-6.279706,0,4.9661338
1340820994,56.177177,-6.279706,0,5.9858738
1340821084,56.177177,-6.279706,0,10.0648338
1340821174,56.177177,-6.279706,0.633356436,10.0648338
1340821264,56.17731048,-6.280594128,1.390287418,8.0253538
1340821354,56.17760349,-6.282543677,1.390277527,11.0845738
1340821444,56.1778965,-6.284493226,0.695135055,10.0648338
1340821534,56.178043,-6.285468,0,11.0845738
1340821624,56.178043,-6.285468,0.003132753,7.0056138
1340821714,56.17804434,-6.285471856,0.281947448,7.0056138
1340821804,56.17816537,-6.285818902,0.281946809,5.9858738
1340821894,56.17828639,-6.286165947,0.260017047,7.0056138
1340821984,56.178398,-6.286486,0,7.0056138
1340822074,56.178398,-6.286486,0,9.0450938
1340822164,56.178398,-6.286486,0,5.9858738
1340822254,56.178398,-6.286486,0,5.9858738
1340822344,56.178398,-6.286486,0,5.9858738
1340822434,56.178398,-6.286486,0,5.9858738
1340822524,56.178398,-6.286486,0,13.1240538
1340822614,56.178398,-6.286486,0,7.0056138
1340822704,56.178398,-6.286486,0,7.0056138
1340822794,56.178398,-6.286486,0,8.0253538
1340822884,56.178398,-6.286486,0,13.1240538
1340822974,56.178398,-6.286486,0.766912671,7.0056138
1340823064,56.17880394,-6.287328023,0.852119756,5.9858738
1340823154,56.17925499,-6.288263605,0.077097744,11.0845738
1340823244,56.17920926,-6.28833971,0.08557618,7.0056138
1340823334,56.17921948,-6.288462651,0.094268479,8.0253538
1340823424,56.17924459,-6.288591936,0.093237971,9.0450938
1340823514,56.17927396,-6.288716661,0.095306511,5.9858738
1340823604,56.17930044,-6.288846667,0.118502433,11.0845738
1340823694,56.17925878,-6.289001667,0.144229789,11.0845738
1340823784,56.17931785,-6.289182291,0.164145031,10.0648338
1340823874,56.17939115,-6.289381051,0.17890387,9.0450938
1340823964,56.17946315,-6.289606435,0.190705432,9.0450938
1340824054,56.17953029,-6.28985581,0.145103961,10.0648338
1340824144,56.17962886,-6.289970095,0.189428274,7.0056138
1340824234,56.17974181,-6.290155915,0.213895834,7.0056138
1340824324,56.17986229,-6.2903788,0.175288124,7.0056138
1340824414,56.17997162,-6.2905408,0.463972078,7.0056138
1340824504,56.17980442,-6.291144094,0.281190272,11.0845738
1340824594,56.17979588,-6.291552255,0.596575784,7.0056138
1340824684,56.18026207,-6.29133001,0.383008792,7.0056138
1340824774,56.18033024,-6.291872714,0.316154126,5.9858738
1340824864,56.18042452,-6.292299571,0.349636601,5.9858738
1340824954,56.18062577,-6.292656231,0.202823593,4.9661338
1340825044,56.18071694,-6.292901114,0.490882182,7.0056138
1340825134,56.18109686,-6.293107299,0.368939257,4.9661338
1340825224,56.18135268,-6.293382886,0.524814188,3.9463938
1340825314,56.18098868,-6.293774626,0.296515537,-0.1325662
1340825404,56.18105008,-6.294190981,0.235182717,-0.1325662
1340825494,56.18116812,-6.29445881,0.278924479,-0.1325662
1340825584,56.18131414,-6.294767571,0.338457166,-0.1325662
1340825674,56.18153673,-6.295053533,0.28548453,-0.1325662
1340825764,56.18174749,-6.295222604,0.17244445,-0.1325662
1340825854,56.18181455,-6.295442226,0.869538966,-0.1325662
1340825944,56.18206757,-6.296620717,0.578999242,-0.1325662
1340826034,56.18216383,-6.297443829,0.570718978,-0.1325662
1340826124,56.18237898,-6.298177245,0.497334483,-0.1325662
1340826214,56.18257813,-6.298804867,0.498274194,-0.1325662
1340826304,56.18277273,-6.299438651,0.539586545,-0.1325662
1340826394,56.18299471,-6.300113429,0.511780335,-0.1325662
1340826484,56.1832061,-6.300752542,0.686974598,-0.1325662
1340826574,56.18336003,-6.301711421,0.651763441,-0.1325662
1340826664,56.18351706,-6.302615224,0.643542917,-0.1325662
1340826754,56.18367435,-6.303506364,0.95473166,-0.1325662
1340826844,56.1839138,-6.304824896,0.735993795,-0.1325662
1340826934,56.18446634,-6.305221714,1.062547665,-0.1325662
1340827024,56.18509086,-6.304161771,1.625934976,3.9463938
1340827114,56.18433904,-6.306099403,0.714169126,4.9661338
1340827204,56.18428012,-6.307131489,0.672977235,7.0056138
1340827294,56.18426511,-6.308108778,0.387712932,4.9661338
1340827384,56.184284,-6.308671,0,7.0056138
1340827474,56.184284,-6.308671,0,8.0253538
1340827564,56.184284,-6.308671,0.692970183,7.0056138
1340827654,56.18476328,-6.309192319,0.809750542,7.0056138
1340827744,56.18533127,-6.309777321,0.079262285,12.1043138
1340827834,56.18532904,-6.30966224,0.086611959,5.9858738
1340827924,56.18536324,-6.30955244,0.168952304,7.0056138
1340828014,56.18547271,-6.309699255,0.185052554,8.0253538
1340828104,56.18561098,-6.309596592,1.028368063,5.9858738
1340828194,56.18607204,-6.308353347,0.323887243,8.0253538
1340828284,56.18594714,-6.308766918,0.550699411,7.0056138
1340828374,56.18572671,-6.309462041,0.114413872,9.0450938
1340828464,56.18566929,-6.309592347,0.067375355,7.0056138
1340828554,56.18565935,-6.309688588,0.22437154,8.0253538
1340828644,56.18584064,-6.309700087,0.384825853,8.0253538
1340828734,56.18615144,-6.309674667,1.168811719,5.9858738
1340828824,56.18563581,-6.311097636,1.326560889,5.9858738
1340828914,56.18639217,-6.309731273,0.203287423,-0.1325662
1340829004,56.18653564,-6.309587198,0.264679464,-0.1325662
1340829094,56.18671312,-6.30937236,0.015355843,-0.1325662
1340829184,56.18672239,-6.309387192,0.327866037,-0.1325662
1340829274,56.1869833,-6.309471303,0.270607068,-0.1325662
1340829364,56.18715033,-6.309725222,0.425298059,-0.1325662
1340829454,56.18712013,-6.310340727,0.568076953,-0.1325662
1340829544,56.18724345,-6.311135752,0.473850216,-0.1325662
1340829634,56.18717576,-6.311813355,0.026325036,-0.1325662
1340829724,56.187172,-6.311851,0.716002277,-0.1325662
1340829814,56.18722487,-6.312886896,0.882030446,3.9463938
1340829904,56.18729,-6.314163,0,5.9858738
1340829994,56.18729,-6.314163,0,10.0648338
1340830084,56.18729,-6.314163,0,5.9858738
1340830174,56.18729,-6.314163,0,7.0056138
1340830264,56.18729,-6.314163,0,15.1635338
1340830354,56.18729,-6.314163,1.004660715,15.1635338
1340830444,56.18803439,-6.314747065,1.130239575,11.0845738
1340830534,56.18887183,-6.315404138,0.954421454,5.9858738
1340830624,56.189579,-6.315959,0,5.9858738
1340830714,56.189579,-6.315959,0,3.9463938
1340830804,56.189579,-6.315959,0.463571941,1.9069138
1340830894,56.18951502,-6.316622655,0.604660182,2.9266538
1340830984,56.18943156,-6.317488291,0.279972817,3.9463938
1340831074,56.18965768,-6.31750685,0.308385981,4.9661338
1340831164,56.18990591,-6.317464903,0.308385963,1.9069138
1340831254,56.19015414,-6.317422956,0.207177352,3.9463938
1340831344,56.19031982,-6.317467204,0.447621699,8.0253538
1340831434,56.19007275,-6.317942427,0.447623238,5.9858738
1340831524,56.18982568,-6.31841765,0.447624777,3.9463938
1340831614,56.18957861,-6.318892873,0.460985149,4.9661338
1340831704,56.18985622,-6.319339776,0.62680224,3.9463938
1340831794,56.19031151,-6.319739655,0.408055985,-0.1325662
1340831884,56.19059021,-6.320056924,0.408055136,-0.1325662
1340831974,56.19086891,-6.320374193,0.400657106,-0.1325662
1340832064,56.19081893,-6.320949374,0.301494087,-0.1325662
1340832154,56.19082891,-6.321387074,0.357765088,-0.1325662
1340832244,56.1911027,-6.321554734,0.345430072,7.0056138
1340832334,56.19130138,-6.321907455,0.256593848,5.9858738
1340832424,56.19142247,-6.322210182,0.304258768,5.9858738
1340832514,56.19161733,-6.32248,0.340694495,7.0056138
1340832604,56.19170586,-6.322948772,0.332518828,9.0450938
1340832694,56.19184587,-6.323361238,0.529242202,7.0056138
1340832784,56.19227372,-6.323352667,0.323789787,5.9858738
1340832874,56.19225241,-6.323821586,0.217597774,7.0056138
1340832964,56.19241431,-6.323945303,0.331535169,5.9858738
1340833054,56.19268232,-6.323952315,0.245046804,4.9661338
1340833144,56.19285679,-6.324121019,0.343860788,8.0253538
1340833234,56.19274613,-6.324579375,0.338665356,7.0056138
1340833324,56.192988,-6.32481,0.529976749,5.9858738
1340833414,56.19341109,-6.324931727,0.334888517,7.0056138
1340833504,56.19366522,-6.325099618,0.256109578,5.9858738
1340833594,56.19385724,-6.325238873,0.375143799,7.0056138
1340833684,56.1941603,-6.325260283,0.27518364,7.0056138
1340833774,56.1943808,-6.325313533,0.327709153,5.9858738
1340833864,56.19464141,-6.325399368,0.388616893,7.0056138
1340833954,56.19495472,-6.325441621,0.433121258,7.0056138
1340834044,56.19530472,-6.325421958,0.037169993,4.9661338
1340834134,56.19529965,-6.325475197,0.027848628,-0.1325662
1340834224,56.19528227,-6.325449476,0.086013453,-0.1325662
1340834314,56.19525143,-6.325337448,0.358106706,-0.1325662
1340834404,56.19546385,-6.325691038,0.168538938,-0.1325662
1340834494,56.1955911,-6.325778627,0.043848273,-0.1325662
1340834584,56.195625,-6.32576,0,-0.1325662
1340834674,56.195625,-6.32576,0.2921007,38.6175538
1340834764,56.19569048,-6.325352168,1.443314351,43.7162538
1340834854,56.196014,-6.323337,0,44.7359938
1340834944,56.196014,-6.323337,0,42.6965138
1340835034,56.196014,-6.323337,0.818210301,41.6767738
1340835124,56.19652358,-6.322578829,0.567465839,43.7162538
1340835214,56.196877,-6.322053,0.036243478,15.1635338
1340835304,56.19690274,-6.322078153,0.137032175,14.1437938
1340835394,56.197006,-6.32215033,0.220575929,9.0450938
1340835484,56.197182,-6.322202,0,11.0845738
1340835574,56.197182,-6.322202,0,8.0253538
1340835664,56.197182,-6.322202,0.928806026,8.0253538
1340835754,56.19753469,-6.321010364,0.656565762,37.5978138
1340835844,56.197784,-6.320168,0,22.3017138
1340835934,56.197784,-6.320168,0,28.4201538
1340836024,56.197784,-6.320168,0,28.4201538
1340836114,56.197784,-6.320168,0,26.3806738
1340836204,56.197784,-6.320168,2.313915617,21.2819738
1340836294,56.19818875,-6.316884931,1.024726624,21.2819738
1340836384,56.198368,-6.315431,0,20.2622338
1340836474,56.198368,-6.315431,0,21.2819738
1340836564,56.198368,-6.315431,0.114611796,23.3214538
1340836654,56.19842961,-6.315306594,1.473571084,17.2030138
1340836744,56.19922179,-6.313707089,0.065491654,18.2227538
1340836834,56.199257,-6.313636,0,16.1832738
1340836924,56.199257,-6.313636,0.878909602,15.1635338
1340837014,56.1997558,-6.312726252,1.006731055,16.1832738
1340837104,56.20036236,-6.311750633,0.355994962,13.1240538
1340837194,56.20064152,-6.311624704,0.379739701,12.1043138
1340837284,56.200943,-6.311729,0,13.1240538
1340837374,56.200943,-6.311729,0,10.0648338
1340837464,56.200943,-6.311729,0,11.0845738
1340837554,56.200943,-6.311729,0,10.0648338
1340837644,56.200943,-6.311729,0.381481088,13.1240538
1340837734,56.20120494,-6.312021712,1.492745105,10.0648338
1340837824,56.2022299,-6.313167108,1.158543677,9.0450938
1340837914,56.20279234,-6.314513596,0.415511085,11.0845738
1340838004,56.20295689,-6.315040111,0.024539356,14.1437938
1340838094,56.202972,-6.315017,0.284499661,9.0450938
1340838184,56.20295777,-6.314604287,0.763944083,9.0450938
1340838274,56.20292068,-6.313495939,0.057020875,10.0648338
1340838364,56.20293309,-6.313575758,0.955067778,-0.1325662
1340838454,56.20290582,-6.312188485,0.978633682,-0.1325662
1340838544,56.20311319,-6.313561154,0.401344028,-0.1325662
1340838634,56.20323918,-6.314098725,0.189635534,-0.1325662
1340838724,56.20336129,-6.314265396,0.108234776,-0.1325662
1340838814,56.20344699,-6.314297165,0.107559269,-0.1325662
1340838904,56.203528,-6.314354,0.236042115,-0.1325662
1340838994,56.20366813,-6.314586885,0.191766183,-0.1325662
1340839084,56.20378211,-6.314775842,0.141608692,-0.1325662
1340839174,56.20388458,-6.314684059,0.326208069,-0.1325662
1340839264,56.20403616,-6.315072069,0.119092861,-0.1325662
1340839354,56.20413149,-6.315047713,0.117368434,-0.1325662
1340839444,56.20422386,-6.315008703,0.155232668,-0.1325662
1340839534,56.20433587,-6.315110491,0.158524043,-0.1325662
1340839624,56.20445281,-6.315204766,0.152037365,-0.1325662
1340839714,56.20456781,-6.315282812,0.28496063,-0.1325662
1340839804,56.2046976,-6.315625028,0.151528554,-0.1325662
1340839894,56.20477498,-6.31545428,0.163749074,-0.1325662
1340839984,56.20488395,-6.315589442,0.117490651,-0.1325662
1340840074,56.20497151,-6.315523233,0.10936548,-0.1325662
1340840164,56.20504431,-6.315433,0.122157812,-0.1325662
1340840254,56.20512249,-6.31554149,0.343989882,-0.1325662
1340840344,56.20526608,-6.315969693,0.244242088,-0.1325662
1340840434,56.20531687,-6.315626624,0.136384836,-0.1325662
1340840524,56.20542624,-6.3156014,0.087822736,-0.1325662
1340840614,56.20549716,-6.31560758,0.166168774,-0.1325662
1340840704,56.20557556,-6.31541144,0.161451424,-0.1325662
1340840794,56.20569639,-6.315500202,0.184066729,-0.1325662
1340840884,56.2058194,-6.315650778,0.17618374,-0.1325662
1340840974,56.20594365,-6.31577603,0.133044236,-0.1325662
1340841064,56.20603211,-6.31588604,0.070835302,-0.1325662
1340841154,56.20606011,-6.315796222,0.197245118,-0.1325662
1340841244,56.20621937,-6.315811079,0.080803585,-0.1325662
1340841334,56.20627887,-6.315859554,0.160734265,-0.1325662
1340841424,56.20640808,-6.315884505,0.16355636,-0.1325662
1340841514,56.20653845,-6.31592426,0.312390308,-0.1325662
1340841604,56.20672712,-6.315622375,0.176374965,-0.1325662
1340841694,56.20682317,-6.315811857,0.264317266,-0.1325662
1340841784,56.2069094,-6.3161634,0.175388978,-0.1325662
1340841874,56.20704206,-6.316253462,0.128587435,-0.1325662
1340841964,56.20714446,-6.3162212,0.164089947,-0.1325662
1340842054,56.20726274,-6.3163292,0.17431585,-0.1325662
1340842144,56.20740106,-6.316377811,0.133968799,-0.1325662
1340842234,56.207508,-6.316408667,0.423324523,-0.1325662
1340842324,56.20751072,-6.317024,0.201161438,-0.1325662
1340842414,56.20765755,-6.317149745,0.673644102,-0.1325662
1340842504,56.20798835,-6.31637184,0.121439778,-0.1325662
1340842594,56.20807153,-6.316278067,0.139217993,-0.1325662
1340842684,56.2081041,-6.316471781,0.281137541,-0.1325662
1340842774,56.20831664,-6.316616642,0.175701668,-0.1325662
1340842864,56.208417,-6.3167974,0.199261031,-0.1325662
1340842954,56.20853127,-6.317001577,0.196015118,-0.1325662
1340843044,56.20865512,-6.317179342,0.06109085,-0.1325662
1340843134,56.20865383,-6.317268117,0.242131065,-0.1325662
1340843224,56.20881842,-6.317458658,0.205584114,-0.1325662
1340843314,56.20896491,-6.31759986,0.141564968,-0.1325662
1340843404,56.2090655,-6.317698054,0.108770505,-0.1325662
1340843494,56.20914571,-6.317762839,0.159735499,-0.1325662
1340843584,56.20927166,-6.317814188,0.090136399,-0.1325662
1340843674,56.20932148,-6.317909813,0.087236473,-0.1325662
1340843764,56.209332,-6.318035209,0.095316727,-0.1325662
1340843854,56.20937234,-6.318153273,0.115450395,-0.1325662
1340843944,56.20945338,-6.318236527,0.117159339,-0.1325662
1340844034,56.20954696,-6.318262879,0.075700031,-0.1325662
1340844124,56.20959575,-6.31819643,0.16263223,-0.1325662
1340844214,56.20972539,-6.318235927,0.150386098,-0.1325662
1340844304,56.20982181,-6.318369095,0.180369585,-0.1325662
1340844394,56.20996324,-6.318433,0.195180892,-0.1325662
1340844484,56.21012028,-6.318405248,0.139335003,-0.1325662
1340844574,56.21023153,-6.318373413,0.210193048,-0.1325662
1340844664,56.21039502,-6.318456807,0.144077714,-0.1325662
1340844754,56.21050881,-6.318501563,0.169148249,-0.1325662
1340844844,56.2106392,-6.318575714,0.188196072,-0.1325662
1340844934,56.2107908,-6.3185524,0.227297698,-0.1325662
1340845024,56.21096133,-6.318429264,0.215899437,-0.1325662
1340845114,56.21113315,-6.318373981,0.102080464,-0.1325662
1340845204,56.21114258,-6.318226552,0.234808829,-0.1325662
1340845294,56.21130096,-6.318038347,0.238793742,-0.1325662
1340845384,56.21144716,-6.317811633,0.182802087,-0.1325662
1340845474,56.21157672,-6.317683762,0.183147536,-0.1325662
1340845564,56.21171211,-6.317575949,0.194887573,-0.1325662
1340845654,56.2118289,-6.317385769,0.329527896,-0.1325662
1340845744,56.21201851,-6.317049238,0.471314599,-0.1325662
1340845834,56.21232668,-6.316646216,0.40991948,9.0450938
1340845924,56.21257978,-6.3162615,0.590393461,4.9661338
1340846014,56.21272192,-6.315442113,0.273694208,4.9661338
1340846104,56.212708,-6.315045,0.114067868,-0.1325662
1340846194,56.21267771,-6.314888365,0.133165245,-0.1325662
1340846284,56.21261882,-6.314726297,0.213384268,-0.1325662
1340846374,56.21247962,-6.314543041,0.291117581,-0.1325662
1340846464,56.21227804,-6.314324574,0.254431758,-0.1325662
1340846554,56.21212992,-6.314067901,0.17721196,-0.1325662
1340846644,56.21206225,-6.313840822,0.125884047,-0.1325662
1340846734,56.21201119,-6.313682509,0.146050686,-0.1325662
1340846824,56.21194774,-6.313503443,0.231908499,-0.1325662
1340846914,56.21176479,-6.313429672,0.235485262,-0.1325662
1340847004,56.21165317,-6.313152336,0.234577861,-0.1325662
1340847094,56.21156627,-6.312849217,0.178643779,-0.1325662
1340847184,56.21147997,-6.31264097,0.126940129,-0.1325662
1340847274,56.21143452,-6.312475515,0.36917443,0.8871738
1340847364,56.21120191,-6.312139219,0.172079272,-0.1325662
1340847454,56.211097,-6.311974909,0.301172888,-0.1325662
1340847544,56.2108555,-6.311919,0.315249562,-0.1325662
1340847634,56.21063367,-6.311693333,0.282110429,-0.1325662
1340847724,56.21044139,-6.311472727,0.344001335,-0.1325662
1340847814,56.21018427,-6.311282124,0.13158247,-0.1325662
1340847904,56.21009934,-6.311166928,0.159230389,-0.1325662
1340847994,56.21021757,-6.311075347,0.144547081,-0.1325662
1340848084,56.210265,-6.310883299,0.234850575,-0.1325662
1340848174,56.21044363,-6.310767557,0.192499851,-0.1325662
1340848264,56.210588,-6.310663041,0.053384495,-0.1325662
1340848354,56.21054675,-6.310685875,0.106577403,-0.1325662
1340848444,56.21058613,-6.310548063,0.103195409,-0.1325662
1340848534,56.21065165,-6.310455204,0.114706554,-0.1325662
1340848624,56.21064333,-6.310289124,0.023154457,-0.1325662
1340848714,56.21064,-6.310256,0,-0.1325662
1340848804,56.21064,-6.310256,0.995172289,16.1832738
1340848894,56.21091235,-6.30889468,1.303192342,14.1437938
1340848984,56.211269,-6.307112,0.250284816,16.1832738
1340849074,56.21127355,-6.306748238,1.013653199,16.1832738
1340849164,56.211292,-6.305275,0,17.2030138
1340849254,56.211292,-6.305275,1.084450747,18.2227538
1340849344,56.21152753,-6.303756412,0.255713625,16.1832738
1340849434,56.21153098,-6.303384714,0.071016896,18.2227538
1340849524,56.21149333,-6.303462667,0.101375673,-0.1325662
1340849614,56.21153084,-6.303593711,0.163674891,-0.1325662
1340849704,56.21159541,-6.303801406,0.037796486,-0.1325662
1340849794,56.21162586,-6.303806031,0.135142748,-0.1325662
1340849884,56.21171614,-6.303695392,0.193305383,-0.1325662
1340849974,56.21187103,-6.303657888,0.116311536,-0.1325662
1340850064,56.21190117,-6.303497717,0.09496793,-0.1325662
1340850154,56.21189235,-6.303634866,0.187368892,-0.1325662
1340850244,56.21201495,-6.303474866,0.031918278,-0.1325662
1340850334,56.21204,-6.303486,0.083071327,-0.1325662
1340850424,56.21201844,-6.303371625,0.093270924,-0.1325662
1340850514,56.21204038,-6.303241897,0.190005871,-0.1325662
1340850604,56.21218757,-6.303162844,0.094087157,-0.1325662
1340850694,56.21224546,-6.303074102,0.114884796,-0.1325662
1340850784,56.21226829,-6.302912206,0.133106451,-0.1325662
1340850874,56.21228293,-6.302720495,0.06050964,-0.1325662
1340850964,56.212288,-6.302633,0,-0.1325662
1340851054,56.212288,-6.302633,0.454013424,24.3411938
1340851144,56.21208591,-6.302082,1.913417562,29.4398938
1340851234,56.21123345,-6.299760763,0.014093642,32.4991138
1340851324,56.21122716,-6.299743688,0.295774102,-0.1325662
1340851414,56.21144184,-6.299554313,0.174255387,-0.1325662
1340851504,56.21138647,-6.29978725,0.290463427,-0.1325662
1340851594,56.21118543,-6.299569,0.163351852,-0.1325662
1340851684,56.21117904,-6.299331804,0.042283664,-0.1325662
1340851774,56.211189,-6.299273,0,-0.1325662
1340851864,56.211189,-6.299273,0.429935178,-0.1325662
1340851954,56.21087288,-6.299013125,0.573420043,-0.1325662
1340852044,56.21044868,-6.298676804,0.198562331,-0.1325662
1340852134,56.21060284,-6.298757371,0.357891526,-0.1325662
1340852224,56.2103869,-6.298411062,0.340699731,2.9266538
1340852314,56.21051016,-6.29885399,0.131970916,1.9069138
1340852404,56.21043174,-6.298723891,0.197020415,5.9858738
1340852494,56.210276,-6.2986638,0.145575289,7.0056138
1340852584,56.21017154,-6.2985663,0.239726571,-0.1325662
1340852674,56.2099848,-6.298473,0.372529071,-0.1325662
1340852764,56.2096842,-6.298439242,0.229860114,-0.1325662
1340852854,56.20954679,-6.298214283,0.207194514,5.9858738
1340852944,56.20950174,-6.297924182,0.259097292,4.9661338
1340853034,56.20931162,-6.29776604,0.328664393,4.9661338
1340853124,56.20906483,-6.297588931,0.234364065,4.9661338
1340853214,56.20888949,-6.297459822,0.247657054,3.9463938
1340853304,56.20872285,-6.297260218,0.213664198,3.9463938
1340853394,56.20858216,-6.29708,0.304217445,4.9661338
1340853484,56.20835929,-6.29689296,0.132839942,3.9463938
1340853574,56.20825236,-6.29687488,0.154490246,4.9661338
1340853664,56.20812791,-6.296894076,0.2177591,5.9858738
1340853754,56.20795742,-6.29681515,0.215459702,4.9661338
1340853844,56.20781228,-6.29664196,0.185608889,4.9661338
1340853934,56.20769695,-6.296469337,0.277054745,4.9661338
1340854024,56.20749245,-6.296305,0.042728693,4.9661338
1340854114,56.207527,-6.296305,0.202109445,3.9463938
1340854204,56.2073866,-6.2961547,0.107936418,4.9661338
1340854294,56.20730447,-6.296207703,0.081133984,5.9858738
1340854384,56.20723939,-6.29619288,0.234498182,5.9858738
1340854474,56.20705232,-6.296137475,0.070903066,7.0056138
1340854564,56.206995,-6.296138,0.137778795,7.0056138
1340854654,56.2068868,-6.2960904,0.121817569,5.9858738
1340854744,56.206792,-6.2960424,0.356998438,7.0056138
1340854834,56.2070717,-6.296170446,0.381639236,7.0056138
1340854924,56.20676936,-6.296059772,0.23149665,7.0056138
1340855014,56.20659292,-6.295947495,1.491412042,7.0056138
1340855104,56.20543193,-6.295362109,0.363291442,8.0253538
1340855194,56.20571461,-6.295505475,2.15062375,8.0253538
1340855284,56.20402891,-6.294739257,1.777205498,7.0056138
1340855374,56.20540757,-6.295466881,1.768814811,7.0056138
1340855464,56.20677829,-6.296199824,0.755508178,7.0056138
1340855554,56.20617728,-6.296003901,0.22122595,8.0253538
1340855644,56.20633271,-6.29616299,1.327468203,8.0253538
1340855734,56.2053039,-6.295613584,1.652872955,8.0253538
1340855824,56.20404301,-6.294817842,0.367970352,7.0056138
1340855914,56.20374702,-6.294764059,0.120848581,8.0253538
1340856004,56.2036512,-6.294798403,0.17655045,8.0253538
1340856094,56.20351024,-6.29483876,0.333061123,8.0253538
1340856184,56.2032411,-6.294854258,0.228753941,8.0253538
1340856274,56.20305892,-6.294797041,0.246649012,8.0253538
1340856364,56.20289975,-6.294581083,0.215406076,8.0253538
1340856454,56.20272578,-6.294566939,0.368565691,9.0450938
1340856544,56.20244567,-6.294384184,0.169314653,8.0253538
1340856634,56.20232135,-6.294487175,0.487265011,8.0253538
1340856724,56.20192953,-6.294560567,0.24832736,8.0253538
1340856814,56.20173241,-6.29449201,0.266791716,8.0253538
1340856904,56.20152578,-6.294380763,0.294531619,8.0253538
1340856994,56.20128778,-6.294394577,0.287845131,8.0253538
1340857084,56.20105624,-6.294436505,0.240489086,9.0450938
1340857174,56.20086343,-6.294481571,0.291663075,9.0450938
1340857264,56.2006341,-6.294580258,0.393015118,8.0253538
1340857354,56.20031697,-6.294615701,0.294263276,8.0253538
1340857444,56.20008406,-6.294528495,0.310843577,9.0450938
1340857534,56.1998338,-6.294569856,0.372828228,9.0450938
1340857624,56.19953288,-6.29460102,0.282149082,9.0450938
1340857714,56.19930512,-6.29462398,0.305643811,9.0450938
1340857804,56.19905828,-6.294644505,0.27300971,8.0253538
1340857894,56.19886023,-6.29481966,0.35622903,8.0253538
1340857984,56.19857557,-6.29489834,0.636761655,8.0253538
1340858074,56.19809665,-6.294558856,0.261950859,9.0450938
1340858164,56.19794366,-6.294822093,0.250673413,9.0450938
1340858254,56.19783693,-6.295131773,0.329458274,8.0253538
1340858344,56.19757188,-6.295179224,0.321017135,8.0253538
1340858434,56.19731595,-6.295256742,0.279244357,8.0253538
1340858524,56.19709739,-6.295358464,0.330746351,7.0056138
1340858614,56.19683996,-6.29548849,0.315655747,8.0253538
1340858704,56.19659786,-6.295633571,0.310146261,8.0253538
1340858794,56.19635298,-6.295730526,0.299454233,7.0056138
1340858884,56.19611267,-6.295783412,0.339209656,7.0056138
1340858974,56.19585034,-6.295927134,0.33603455,8.0253538
1340859064,56.19558523,-6.296033835,0.372854183,8.0253538
1340859154,56.19529358,-6.296170845,0.364738211,7.0056138
1340859244,56.19500937,-6.296312163,0.35124419,2.9266538
1340859334,56.19473662,-6.296454258,0.328822063,4.9661338
1340859424,56.1944816,-6.296589255,0.368803529,7.0056138
1340859514,56.19420127,-6.296771835,0.34900739,-0.1325662
1340859604,56.19398022,-6.297087031,0.317095002,-0.1325662
1340859694,56.19378113,-6.297377337,0.441681695,-0.1325662
1340859784,56.19342599,-6.297444309,0.261039829,-0.1325662
1340859874,56.19323333,-6.297599143,0.158516953,-0.1325662
1340859964,56.19313354,-6.29774367,0.296192515,-0.1325662
1340860054,56.19291488,-6.297919144,0.246806708,-0.1325662
1340860144,56.19272374,-6.298022134,0.263820161,-0.1325662
1340860234,56.19251063,-6.29803775,0.190889454,7.0056138
1340860324,56.19240156,-6.298234,0.22489242,9.0450938
1340860414,56.19225533,-6.298428196,0.260240877,8.0253538
1340860504,56.19204579,-6.298462396,0.191640107,8.0253538
1340860594,56.19189766,-6.298544021,0.180816137,7.0056138
1340860684,56.19196933,-6.29877301,0.172104979,7.0056138
1340860774,56.19196747,-6.299023062,0.238937786,9.0450938
1340860864,56.19180552,-6.299212299,0.19637337,10.0648338
1340860954,56.191676,-6.29937733,0.240146327,9.0450938
1340861044,56.19150416,-6.299539763,0.242644943,8.0253538
1340861134,56.1913261,-6.299687724,0.352776039,8.0253538
1340861224,56.19104127,-6.299714165,0.170673601,8.0253538
1340861314,56.19090329,-6.299711588,0.269479731,8.0253538
1340861404,56.19073628,-6.299963031,0.334753035,8.0253538
1340861494,56.19047023,-6.30005226,0.1285888,9.0450938
1340861584,56.1904658,-6.300238927,0.405268127,9.0450938
1340861674,56.19013818,-6.300246583,0.462592278,8.0253538
1340861764,56.1897643,-6.300229323,0.323349454,9.0450938
1340861854,56.18951091,-6.300344856,0.385988753,10.0648338
1340861944,56.18920275,-6.300256375,0.2345312,8.0253538
1340862034,56.189026,-6.300133,0.108134456,8.0253538
1340862124,56.18899197,-6.300277719,0.314564308,8.0253538
1340862214,56.1888229,-6.300619134,0.416258119,8.0253538
1340862304,56.188503,-6.300806958,0.314970824,8.0253538
1340862394,56.18825123,-6.300875536,0.452990355,8.0253538
1340862484,56.187885,-6.300871042,0.136722162,9.0450938
1340862574,56.18787964,-6.301069448,0.68914184,10.0648338
1340862664,56.18739682,-6.30056976,0.307183638,8.0253538
1340862754,56.18724644,-6.300924938,0.348790073,8.0253538
1340862844,56.18749875,-6.30115125,0.418456331,8.0253538
1340862934,56.1871869,-6.301386959,0.290648985,5.9858738
1340863024,56.18699602,-6.301633247,0.169437305,4.9661338
1340863114,56.1869299,-6.301848837,0.23982462,7.0056138
1340863204,56.186755,-6.301999245,0.392640299,7.0056138
1340863294,56.1864378,-6.302021763,0.345816565,7.0056138
1340863384,56.18616698,-6.302146557,0.32228521,-0.1325662
1340863474,56.18598214,-6.302476571,0.388110066,-0.1325662
1340863564,56.18567335,-6.302576711,0.294779608,-0.1325662
1340863654,56.18545778,-6.30275934,0.465659208,-0.1325662
1340863744,56.18508541,-6.30285899,0.29807003,-0.1325662
1340863834,56.1848516,-6.302963835,0.252088049,-0.1325662
1340863924,56.18465632,-6.30306868,0.292536288,-0.1325662
1340864014,56.18471677,-6.303479546,0.729713324,-0.1325662
1340864104,56.18414401,-6.303225449,1.407196615,-0.1325662
1340864194,56.18310599,-6.302388684,0.399346048,-0.1325662
1340864284,56.18324,-6.30291648,0.464814738,-0.1325662
1340864374,56.18329356,-6.303584823,0.33794591,-0.1325662
1340864464,56.18302336,-6.303657639,0.093502607,-0.1325662
1340864554,56.18295049,-6.303693776,0.336302842,-0.1325662
1340864644,56.18268226,-6.303773701,0.294891294,-0.1325662
1340864734,56.18244931,-6.303864907,0.239700498,48.8149538
1340864824,56.18225557,-6.303873286,0.166639757,31.4793738
1340864914,56.18224657,-6.304114816,0.239267615,50.8544338
1340865004,56.18206014,-6.304022061,0.077443349,17.2030138
1340865094,56.18199853,-6.304002041,0.191522994,55.9531338
1340865184,56.18185159,-6.304089796,0.190160114,38.6175538
1340865274,56.18170364,-6.304014727,0.165411711,57.9926138
1340865364,56.18157044,-6.303993206,0.11122958,29.4398938
1340865454,56.18149106,-6.304069133,0.558398644,62.0715738
1340865544,56.18134337,-6.303302618,0.798855909,-0.1325662
1340865634,56.18112466,-6.302210742,0.138343538,-0.1325662
1340865724,56.1810437,-6.302349394,0.143796109,-0.1325662
1340865814,56.18111354,-6.302516378,0.153020488,-0.1325662
1340865904,56.18118614,-6.302696357,0.137035024,-0.1325662
1340865994,56.18108512,-6.302778092,0.088341383,-0.1325662
1340866084,56.18104162,-6.302879867,0.172854431,-0.1325662
1340866174,56.18107825,-6.303122176,0.135221213,-0.1325662
1340866264,56.18108838,-6.303317757,0.143723729,-0.1325662
1340866354,56.1810495,-6.3035145,0.112971135,-0.1325662
1340866444,56.18098488,-6.303630469,0.125348614,-0.1325662
1340866534,56.18088373,-6.303641888,0.216940395,-0.1325662
1340866624,56.1807135,-6.30371775,0.252737948,-0.1325662
1340866714,56.1805168,-6.303817154,0.268324881,-0.1325662
1340866804,56.18029992,-6.303826121,0.266322412,-0.1325662
1340866894,56.18011265,-6.30401703,0.2485106,7.0056138
1340866984,56.17991753,-6.304103137,0.289688347,4.9661338
1340867074,56.179699,-6.30425451,0.233762914,3.9463938
1340867164,56.1795411,-6.304441098,0.251500297,53.9136538
1340867254,56.17936294,-6.304617176,0.310540718,55.9531338
1340867344,56.179124,-6.304755667,0.304059154,55.9531338
1340867434,56.17889371,-6.304910184,0.307514238,57.9926138
1340867524,56.17871406,-6.305218954,0.368935059,54.9333938
1340867614,56.17847461,-6.305538495,0.337874737,60.0320938
1340867704,56.17822276,-6.305728563,0.257608562,57.9926138
1340867794,56.1780529,-6.305945098,0.250161863,56.9728738
1340867884,56.17787088,-6.306103491,0.243056099,54.9333938
1340867974,56.17769029,-6.306242706,0.203053233,54.9333938
1340868064,56.17756276,-6.306428425,0.170935275,54.9333938
1340868154,56.1774778,-6.306624245,0.10104558,55.9531338
1340868244,56.17741075,-6.306708069,0.155266253,53.9136538
1340868334,56.17732362,-6.306870422,0.103320707,55.9531338
1340868424,56.17727213,-6.3069886,0.120331679,52.8939138
1340868514,56.17723785,-6.307152167,0.438934477,55.9531338
1340868604,56.1770225,-6.30664543,1.379159746,55.9531338
1340868694,56.1764742,-6.30490119,0.21368665,54.9333938
1340868784,56.17631205,-6.305008298,0.164359794,3.9463938
1340868874,56.1761938,-6.3051172,0.145110995,3.9463938
1340868964,56.176094,-6.305228,0.163097757,49.8346938
1340869054,56.17597112,-6.305313922,0.204505478,60.0320938
1340869144,56.175813,-6.305400748,0.223872339,1.9069138
1340869234,56.17565244,-6.305550837,0.11137531,54.9333938
1340869324,56.17558,-6.305646922,0.224136876,36.5780738
1340869414,56.1754,-6.305684495,0.220181231,52.8939138
1340869504,56.17523305,-6.305795466,0.165257346,56.9728738
1340869594,56.17510092,-6.305759867,0.264876803,57.9926138
1340869684,56.17494893,-6.305488857,0.134886871,57.9926138
1340869774,56.17487475,-6.305632471,0.167273427,56.9728738
1340869864,56.17478639,-6.305816376,0.185888645,59.0123538
1340869954,56.17464234,-6.305739379,0.134937534,-0.1325662
1340870044,56.17453325,-6.305739118,0.163548451,-0.1325662
1340870134,56.17440102,-6.305738304,0.181753684,-0.1325662
1340870224,56.17425984,-6.305665069,0.165979308,-0.1325662
1340870314,56.17413234,-6.305740223,0.177491599,-0.1325662
1340870404,56.17399332,-6.305804098,0.14756903,-0.1325662
1340870494,56.17387403,-6.305800069,0.206635634,-1.1523062
1340870584,56.17373027,-6.305647182,0.443840069,-1.1523062
1340870674,56.17338473,-6.305473364,0.576138794,-0.1325662
1340870764,56.173832,-6.305707,0.842156953,-1.1523062
1340870854,56.173152,-6.305645182,0.130845087,-1.1523062
1340870944,56.17321684,-6.30579533,0.063776771,-0.1325662
1340871034,56.17316624,-6.305777495,0.163737556,7.0056138
1340871124,56.17305259,-6.305899414,0.221776631,5.9858738
1340871214,56.17287337,-6.305889172,0.254904828,4.9661338
1340871304,56.17266936,-6.3058368,0.193976767,5.9858738
1340871394,56.1725268,-6.3059542,0.178943987,4.9661338
1340871484,56.17240176,-6.306084909,0.305928243,3.9463938
1340871574,56.17215691,-6.30602203,0.137664742,3.9463938
1340871664,56.17204612,-6.306041182,0.075409998,3.9463938
1340871754,56.17198794,-6.306073909,0.389702142,2.9266538
1340871844,56.17170039,-6.306305242,0.083494195,2.9266538
1340871934,56.17163421,-6.306329121,0.131605225,3.9463938
1340872024,56.17157124,-6.306175061,0.01574215,2.9266538
1340872114,56.17158397,-6.306175061,0.263658183,2.9266538
1340872204,56.17137085,-6.30618281,0.356454791,-1.1523062
1340872294,56.17108585,-6.306259576,0.1970525,-0.1325662
1340872384,56.17093615,-6.306357495,0.24669672,-1.1523062
1340872474,56.17074414,-6.306260556,0.215883058,-1.1523062
1340872564,56.17057412,-6.306331424,0.10866443,-1.1523062
1340872654,56.17049895,-6.30624975,0.068538253,-1.1523062
1340872744,56.17044405,-6.30626325,0.018638958,53.9136538
1340872834,56.170441,-6.306289758,0.045679563,59.0123538
1340872924,56.17042884,-6.30622712,0.090709664,46.7754738
1340873014,56.170471,-6.306119333,0.052438451,63.0913138
1340873104,56.17050494,-6.306073697,0.113971681,19.2424938
1340873194,56.17054612,-6.30622176,0.145038817,60.0320938
1340873284,56.17058046,-6.306423152,0.079936767,47.7952138
1340873374,56.17064508,-6.30642097,0.139479878,62.0715738
1340873464,56.17073524,-6.306299294,0.389978588,60.0320938
1340873554,56.17043082,-6.306446747,0.143269162,63.0913138
1340873644,56.17031627,-6.306477657,0.215368966,1.9069138
1340873734,56.1702542,-6.306185446,0.096813229,63.0913138
1340873824,56.17019794,-6.306087697,0.178818489,19.2424938
1340873914,56.17006425,-6.30618654,0.051318545,63.0913138
1340874004,56.17002549,-6.306159929,0.14623961,26.3806738
1340874094,56.169918,-6.3060715,0.215564063,61.0518338
1340874184,56.16974909,-6.305994384,0.176645753,62.0715738
1340874274,56.16961944,-6.30588681,0.250343209,-0.1325662
1340874364,56.16942291,-6.305799909,0.356724596,-0.1325662
1340874454,56.16913564,-6.305845788,0.102293691,-0.1325662
1340874544,56.16907408,-6.305746584,0.078403771,-0.1325662
1340874634,56.16904646,-6.305644109,0.177458277,-0.1325662
1340874724,56.16890568,-6.305693808,0.185394771,-0.1325662
1340874814,56.16876418,-6.30560498,0.241730608,-0.1325662
1340874904,56.16859472,-6.30543012,0.331912522,-1.1523062
1340874994,56.16838236,-6.305135455,0.16373576,-0.1325662
1340875084,56.16825555,-6.305067273,0.113217272,4.9661338
1340875174,56.16817791,-6.305154364,0.221955946,5.9858738
1340875264,56.16801243,-6.30502969,0.223443019,5.9858738
1340875354,56.16784971,-6.30488876,0.194328315,5.9858738
1340875444,56.16771712,-6.304737374,0.309788351,0.8871738
1340875534,56.16747439,-6.304626465,0.050249766,0.8871738
1340875624,56.16750948,-6.30458968,0.199359969,1.9069138
1340875714,56.16737397,-6.304432939,0.249556996,34.5385938
1340875804,56.16720009,-6.304249121,0.08711813,56.9728738
1340875894,56.1671713,-6.304133667,0.329863918,24.3411938
1340875984,56.16690767,-6.304061394,0.317207873,57.9926138
1340876074,56.16666391,-6.303918242,0.140482266,43.7162538
1340876164,56.16663824,-6.30371953,0.308500157,56.9728738
1340876254,56.16643704,-6.303454788,0.518626903,5.9858738
1340876344,56.16610336,-6.302998747,0.452366507,57.9926138
1340876434,56.1658125,-6.30339695,0.249572762,16.1832738
1340876524,56.1660015,-6.30327005,0.066089038,57.9926138
1340876614,56.16600857,-6.303365172,0.07863821,3.9463938
1340876704,56.16595608,-6.303300733,0.043605074,-0.1325662
1340876794,56.1659541,-6.303363949,0.082114905,-0.1325662
1340876884,56.16593428,-6.303477747,0.10329471,-0.1325662
1340876974,56.1658584,-6.303540394,0.127097237,-0.1325662
1340877064,56.16575578,-6.303531121,0.221891054,-0.1325662
1340877154,56.16557962,-6.303470222,0.358641592,-0.1325662
1340877244,56.165292,-6.3034042,0.160077263,-0.1325662
1340877334,56.16516315,-6.303382495,0.279599893,-0.1325662
1340877424,56.16493946,-6.303323951,0.275503129,52.8939138
1340877514,56.1647667,-6.30307144,0.696184309,50.8544338
1340877604,56.16460083,-6.302105471,0.341888776,51.8741738
1340877694,56.16444092,-6.302510378,0.290330517,53.9136538
1340877784,56.16426784,-6.302795133,0.345402643,56.9728738
1340877874,56.163998,-6.302666,0.33202375,60.0320938
1340877964,56.16374071,-6.3025285,0.296041039,50.8544338
1340878054,56.16351336,-6.302394173,0.352369473,63.0913138
1340878144,56.16324524,-6.302221214,0.177849562,25.3609338
1340878234,56.16316238,-6.302010184,0.286403147,56.9728738
1340878324,56.16293095,-6.302023776,0.377755891,2.9266538
1340878414,56.16278936,-6.301537806,0.298414855,-0.1325662
1340878504,56.1625515,-6.301610357,0.308230469,-0.1325662
1340878594,56.16230348,-6.301566878,0.262601042,-0.1325662
1340878684,56.16210399,-6.301436398,0.207972936,-0.1325662
1340878774,56.16193871,-6.301380878,0.260470435,-0.1325662
1340878864,56.16176129,-6.301177184,0.205126788,-0.1325662
1340878954,56.16159706,-6.301135694,0.134306967,-0.1325662
1340879044,56.16149064,-6.30109696,0.184442307,-0.1325662
1340879134,56.16143705,-6.300847062,0.104103078,-0.1325662
1340879224,56.16141414,-6.3009925,0.14505659,-0.1325662
1340879314,56.16139482,-6.301200224,0.160171874,-0.1325662
1340879404,56.16128248,-6.301084539,0.145305748,-0.1325662
1340879494,56.16116513,-6.301094245,0.464510845,-0.1325662
1340879584,56.16101964,-6.3004725,0.314434237,-0.1325662
1340879674,56.16079679,-6.300252857,0.254613398,-0.1325662
1340879764,56.16060337,-6.300126337,0.352672186,-0.1325662
1340879854,56.16032346,-6.300223878,0.32100308,-0.1325662
1340879944,56.16014934,-6.299878296,0.319345865,-0.1325662
1340880034,56.16003161,-6.299465663,0.249698422,-0.1325662
1340880124,56.15982974,-6.299467374,0.271573829,-0.1325662
1340880214,56.15962338,-6.2993327,0.462630906,-0.1325662
1340880304,56.15945316,-6.298734633,0.558039153,-1.1523062
1340880394,56.15927448,-6.29799072,0.299182694,-1.1523062
1340880484,56.15909988,-6.29829132,0.619350513,-1.1523062
1340880574,56.15892808,-6.297446735,0.294105185,-1.1523062
1340880664,56.15870273,-6.297582941,0.285024071,-1.1523062
1340880754,56.15847699,-6.297499777,0.337747584,-1.1523062
1340880844,56.15824387,-6.297244441,0.366655557,-1.1523062
1340880934,56.1580115,-6.296913941,0.357851575,-0.1325662
1340881024,56.15778285,-6.296595627,0.353147589,-0.1325662
1340881114,56.15755285,-6.296291863,0.489251452,-0.1325662
1340881204,56.15734466,-6.295687947,0.363856036,-0.1325662
1340881294,56.15714938,-6.295292899,0.245932076,-0.1325662
1340881384,56.15701853,-6.29502409,0.204019041,-0.1325662
1340881474,56.15704606,-6.294732067,1.392262952,-0.1325662
1340881564,56.15695713,-6.292717226,0.67178404,-0.1325662
1340881654,56.15686578,-6.293678564,0.361144814,-0.1325662
1340881744,56.15667907,-6.293275479,0.252254276,-0.1325662
1340881834,56.15648369,-6.293170516,0.125142536,-0.1325662
1340881924,56.15642669,-6.293320607,1.004925245,-1.1523062
1340882014,56.15668693,-6.291938628,0.337454689,-0.1325662
1340882104,56.1564281,-6.291783734,0.350204293,-1.1523062
1340882194,56.15619308,-6.291500226,0.359206901,-1.1523062
1340882284,56.15593981,-6.291245065,0.319479377,-0.1325662
1340882374,56.15569607,-6.291398585,0.330462312,4.9661338
1340882464,56.15542937,-6.291426947,0.25960141,4.9661338
1340882554,56.15522,-6.291453333,0.267058304,4.9661338
1340882644,56.15501092,-6.291356611,0.31647355,-0.1325662
1340882734,56.15477691,-6.291170798,0.471559144,-0.1325662
1340882824,56.15451742,-6.290669305,0.313835962,-0.1325662
1340882914,56.15431355,-6.290398105,0.203566452,-0.1325662
1340883004,56.15414955,-6.290373191,0.43234434,-0.1325662
1340883094,56.15392259,-6.289895904,0.386479445,-0.1325662
1340883184,56.15370899,-6.289486442,0.231486745,-0.1325662
1340883274,56.1535443,-6.28932683,0.514933803,-0.1325662
1340883364,56.1533084,-6.288710936,0.414905242,-0.1325662
1340883454,56.1530934,-6.288248653,0.25855522,-0.1325662
1340883544,56.15288736,-6.288185283,0.463413241,-0.1325662
1340883634,56.15263841,-6.287682586,0.224957544,-0.1325662
1340883724,56.15249022,-6.287493276,0.226186846,-0.1325662
1340883814,56.15231689,-6.287597927,0.233784783,5.9858738
1340883904,56.15213002,-6.287648862,0.26746153,9.0450938
1340883994,56.15193893,-6.287467156,0.124979752,8.0253538
1340884084,56.15195631,-6.287288449,1.940228968,4.9661338
1340884174,56.15283237,-6.284952267,0.326431666,4.9661338
1340884264,56.15259196,-6.284756798,0.660968455,8.0253538
1340884354,56.15205764,-6.284742,0.311236529,7.0056138
1340884444,56.15227908,-6.284527449,0.498862453,7.0056138
1340884534,56.15193384,-6.284153079,0.467469097,5.9858738
1340884624,56.15158342,-6.283898921,0.297973122,-0.1325662
1340884714,56.15135051,-6.283788372,0.328959207,-0.1325662
1340884804,56.15110563,-6.283602093,0.313901842,-0.1325662
1340884894,56.15088457,-6.283378286,0.337528079,-0.1325662
1340884984,56.15066557,-6.283086,0.362613955,-0.1325662
1340885074,56.15044189,-6.282745778,0.354479962,-0.1325662
1340885164,56.15022306,-6.282413543,0.377954083,-0.1325662
1340885254,56.14996849,-6.282110114,0.673017815,-0.1325662
1340885344,56.14952584,-6.281542029,0.068497748,-0.1325662
1340885434,56.1495286,-6.281442733,0.173527403,-0.1325662
1340885524,56.14941215,-6.281302282,0.349941061,-0.1325662
1340885614,56.14916129,-6.281067429,0.177133393,-0.1325662
1340885704,56.14902335,-6.280998327,0.194924884,-0.1325662
1340885794,56.149113,-6.281231,0,-0.1325662
1340885884,56.149113,-6.281231,1.19528266,-0.1325662
1340885974,56.14924947,-6.279513538,0.472157333,71.2492338
1340886064,56.14903413,-6.278947699,0.109072356,50.8544338
1340886154,56.14910808,-6.278861462,0.265888886,-0.1325662
1340886244,56.14932304,-6.27885875,0.07393339,-0.1325662
1340886334,56.1493735,-6.278801231,0.184991296,-0.1325662
1340886424,56.14931587,-6.278553467,0.149879439,-0.1325662
1340886514,56.14925072,-6.278370038,0.134940462,-0.1325662
1340886604,56.14926968,-6.278177163,0.201220033,-0.1325662
1340886694,56.14932443,-6.277902143,0.210736222,-0.1325662
1340886784,56.14925586,-6.277622143,0.220345079,1.9069138
1340886874,56.14913745,-6.277383204,0.210701742,4.9661338
1340886964,56.14901614,-6.277168495,0.263373908,7.0056138
1340887054,56.14884842,-6.27693299,0.282621517,5.9858738
1340887144,56.14865617,-6.276711288,1.606689175,4.9661338
1340887234,56.14992396,-6.277219269,1.852282277,4.9661338
1340887324,56.14850825,-6.27634275,0.313437251,5.9858738
1340887414,56.1485554,-6.275895774,0.248621787,4.9661338
1340887504,56.14860203,-6.275544771,0.740657352,4.9661338
1340887594,56.14823661,-6.274693163,1.180058766,4.9661338
1340887684,56.1479303,-6.273071133,2.521140387,4.9661338
1340887774,56.14626685,-6.270956524,0.279022216,4.9661338
1340887864,56.14608342,-6.27072081,0.384769948,-0.1325662
1340887954,56.14638839,-6.270610721,0.371898878,-0.1325662
1340888044,56.14614554,-6.2702925,0.422604021,-0.1325662
1340888134,56.14588224,-6.269901635,0.207758077,-0.1325662
1340888224,56.14580003,-6.269638702,0.252959149,-0.1325662
1340888314,56.14563953,-6.269411179,0.696190453,-0.1325662
1340888404,56.14522646,-6.268724848,0.453444216,-0.1325662
1340888494,56.14489283,-6.268452121,0.301002547,-0.1325662
1340888584,56.14475674,-6.26808998,0.209186934,-0.1325662
1340888674,56.14472241,-6.267792717,0.617280999,-0.1325662
1340888764,56.1442557,-6.26747545,0.402857432,-0.1325662
1340888854,56.14399323,-6.26712928,0.287760717,5.9858738
1340888944,56.14388012,-6.266764354,0.316492423,8.0253538
1340889034,56.14373832,-6.26638203,0.339591886,8.0253538
1340889124,56.14356687,-6.265997121,0.488132988,7.0056138
1340889214,56.14324354,-6.26559096,0.548703556,9.0450938
1340889304,56.14290494,-6.265076495,0.141328975,5.9858738
1340889394,56.142929,-6.264876,0.394544349,5.9858738
1340889484,56.1426851,-6.264507,0.150793808,8.0253538
1340889574,56.14272137,-6.264298079,0.520094586,8.0253538
1340889664,56.14242267,-6.26376686,0.475899536,7.0056138
1340889754,56.14206677,-6.263504466,0.401871513,7.0056138
1340889844,56.14175024,-6.263372854,0.397965237,7.0056138
1340889934,56.14145504,-6.263143158,0.372868762,7.0056138
1340890024,56.14120801,-6.26283304,0.446114549,8.0253538
1340890114,56.14091792,-6.262448356,1.558057994,7.0056138
1340890204,56.13969,-6.261944,1.754054648,11.0845738
1340890294,56.14110772,-6.262004594,0.409738258,11.0845738
1340890384,56.14088907,-6.261557942,0.990362121,8.0253538
1340890474,56.14015705,-6.260975644,1.798713518,11.0845738
1340890564,56.13876631,-6.260212871,0.22009098,8.0253538
1340890654,56.13869924,-6.259917069,1.16224624,2.9266538
1340890744,56.13963877,-6.2599444,0.503211009,2.9266538
1340890834,56.139305,-6.259526893,0.396304758,3.9463938
1340890924,56.13904409,-6.259193125,0.247294121,7.0056138
1340891014,56.13893764,-6.258889375,1.373019674,8.0253538
1340891104,56.13784433,-6.258544624,2.649847299,7.0056138
1340891194,56.13666296,-6.255337192,1.475541556,10.0648338
1340891284,56.13596401,-6.253602243,0.456979116,10.0648338
1340891374,56.13564442,-6.253269584,0.419990296,5.9858738
1340891464,56.13535847,-6.252940971,0.700435724,9.0450938
1340891554,56.13484567,-6.252509792,1.135315764,8.0253538
1340891644,56.13401363,-6.251814276,0.135061811,-0.1325662
1340891734,56.1340882,-6.251671133,0.080812022,-0.1325662
1340891824,56.13412523,-6.251574535,0.436714913,-0.1325662
1340891914,56.13446183,-6.251765829,0.625789353,-0.1325662
1340892004,56.13398162,-6.25147999,0.664517047,-0.1325662
1340892094,56.1334707,-6.251181863,0.14172063,-1.1523062
1340892184,56.13336354,-6.251109048,0.421105962,-1.1523062
1340892274,56.13305269,-6.250859886,0.183968683,-1.1523062
1340892364,56.13291822,-6.250745821,0.549337851,-1.1523062
1340892454,56.13248775,-6.250549689,0.679870058,-0.1325662
1340892544,56.13198908,-6.250134788,0.437022955,7.0056138
1340892634,56.13164675,-6.249977792,0.367121594,9.0450938
1340892724,56.1313535,-6.249895583,0.445130509,8.0253538
1340892814,56.1310045,-6.249737992,0.514993983,8.0253538
1340892904,56.1305995,-6.249564631,0.441183876,9.0450938
1340892994,56.1302795,-6.249281898,0.361566764,11.0845738
1340893084,56.13001127,-6.249073368,0.202536158,8.0253538
1340893174,56.12985003,-6.2490222,0.330089318,7.0056138
1340893264,56.12958957,-6.248917825,0.67541098,7.0056138
1340893354,56.12907601,-6.248584888,0.451500475,10.0648338
1340893444,56.12872605,-6.248398636,0.42967451,8.0253538
1340893534,56.12839095,-6.248234317,0.466577411,8.0253538
1340893624,56.12802704,-6.248056111,0.421808974,10.0648338
1340893714,56.1276985,-6.24789203,0.378611715,12.1043138
1340893804,56.12741033,-6.24770684,0.445988396,10.0648338
1340893894,56.12706023,-6.24755204,0.466570448,9.0450938
1340893984,56.12669771,-6.24736496,0.093667298,9.0450938
1340894074,56.126625,-6.247327,0.795741811,5.9858738
1340894164,56.12604245,-6.246837182,0.848393073,4.9661338
1340894254,56.12541374,-6.246345193,0.329535364,9.0450938
1340894344,56.12515826,-6.24620962,0.222873437,0.8871738
1340894434,56.124983,-6.24613452,0.226498702,3.9463938
1340894524,56.12482291,-6.245975,0.263889508,-0.1325662
1340894614,56.12462663,-6.245825,0.433005074,-0.1325662
1340894704,56.12427982,-6.245739324,0.612722859,-0.1325662
1340894794,56.12378445,-6.24574239,0.408532219,-0.1325662
1340894884,56.12348084,-6.245509059,0.352016267,-0.1325662
1340894974,56.1232167,-6.24531897,0.442015842,-0.1325662
1340895064,56.12286472,-6.245208119,0.518734535,-0.1325662
1340895154,56.12246952,-6.244956287,0.568669314,-0.1325662
1340895244,56.12203208,-6.244702472,0.402158433,-0.1325662
1340895334,56.12171113,-6.244609075,0.472720192,-1.1523062
1340895424,56.12134154,-6.244434485,0.529307981,-0.1325662
1340895514,56.12093141,-6.244215379,0.497471097,-0.1325662
1340895604,56.12054296,-6.244028337,0.494776543,-0.1325662
1340895694,56.12015973,-6.243822614,0.568990401,-0.1325662
1340895784,56.1197168,-6.243599782,0.575276814,-0.1325662
1340895874,56.1192656,-6.243397307,0.493542729,-0.1325662
1340895964,56.1188784,-6.2432244,0.644297542,-0.1325662
1340896054,56.11836424,-6.243074554,0.496500928,-0.1325662
1340896144,56.11797038,-6.242935545,0.654704478,-0.1325662
1340896234,56.11744169,-6.242889059,0.503326721,-0.1325662
1340896324,56.11703506,-6.24291698,0.529524199,-0.1325662
1340896414,56.11660697,-6.242909089,0.586996001,-0.1325662
1340896504,56.1161328,-6.242873867,0.553201613,-0.1325662
1340896594,56.11568593,-6.242840549,0.509460448,-0.1325662
1340896684,56.11527428,-6.242815525,0.575290412,-0.1325662
1340896774,56.1148095,-6.242783833,0.622171371,-0.1325662
1340896864,56.114307,-6.242743,0.543502238,-0.1325662
1340896954,56.11386825,-6.242786269,0.483068054,-0.1325662
1340897044,56.11348225,-6.242892886,0.449306956,-0.1325662
1340897134,56.11312638,-6.243023673,0.571070936,-0.1325662
1340897224,56.1126649,-6.24299829,0.562653677,-0.1325662
1340897314,56.11221013,-6.24297881,0.414722541,-0.1325662
1340897404,56.11188575,-6.243131,0.504751535,-0.1325662
1340897494,56.11147776,-6.243146853,0.380519265,-0.1325662
1340897584,56.11119188,-6.243350676,0.455623139,-0.1325662
1340897674,56.11082386,-6.243379,0.582328715,-0.1325662
1340897764,56.1103539,-6.2433284,0.33515942,-0.1325662
1340897854,56.11010614,-6.243525169,0.272668804,-0.1325662
1340897944,56.10990608,-6.243691231,0.461692412,-0.1325662
1340898034,56.10954213,-6.243542528,0.624021342,-0.1325662
1340898124,56.10906083,-6.243271252,2.555476463,-0.1325662
1340898214,56.10761326,-6.240627607,1.028533774,-0.1325662
1340898304,56.10683666,-6.240094543,0.398089359,-0.1325662
1340898394,56.1065636,-6.240400067,0.282045485,-0.1325662
1340898484,56.106586,-6.240807,0,-0.1325662
1340898574,56.106586,-6.240807,0,-0.1325662
1340898664,56.106586,-6.240807,1.04336415,7.0056138
1340898754,56.10574367,-6.240888087,1.795753075,7.0056138
1340898844,56.1043025,-6.241203096,0.546873249,2.9266538
1340898934,56.1046456,-6.241703142,1.375686062,5.9858738
1340899024,56.10362164,-6.240924557,0.827037301,7.0056138
1340899114,56.10298471,-6.240559667,0.470559436,3.9463938
1340899204,56.10262125,-6.240358145,0.370021005,5.9858738
1340899294,56.10233571,-6.240198191,0.353802195,7.0056138
1340899384,56.10206391,-6.240038364,0.318179791,7.0056138
1340899474,56.10182255,-6.239878818,0.318180029,5.9858738
1340899564,56.10158118,-6.239719273,2.795652691,4.9661338
1340899654,56.09999242,-6.236836822,2.27083036,5.9858738
1340899744,56.09859443,-6.234703143,0.462756167,5.9858738
1340899834,56.09823586,-6.234894571,0.410512983,4.9661338
1340899924,56.09790435,-6.234923115,0.620286386,5.9858738
1340900014,56.09740299,-6.234902216,0.605170359,4.9661338
1340900104,56.09695211,-6.234561627,0.509285051,5.9858738
1340900194,56.0965646,-6.234312066,0.463329904,2.9266538
1340900284,56.09621062,-6.234092369,0.509842157,4.9661338
1340900374,56.095848,-6.233741,0.509701939,5.9858738
1340900464,56.0956412,-6.233102,0.603212416,7.0056138
1340900554,56.09538408,-6.232359096,0.763946358,5.9858738
1340900644,56.09480568,-6.23197072,0.475428307,8.0253538
1340900734,56.09517912,-6.23213392,0.336771585,8.0253538
1340900824,56.09545092,-6.23216272,0.143203255,8.0253538
1340900914,56.09533953,-6.232219347,0.183878343,7.0056138
1340901004,56.09548805,-6.232207465,0.202460015,8.0253538